"Function execution took 3672 ms, finished with status: 'ok'"
0.001510275841
"Function execution took 3562 ms, finished with status: 'ok'"
0.001518062592
"Function execution took 3018 ms, finished with status: 'ok'"
0.001194418907
"Function execution took 3664 ms, finished with status: 'ok'"
0.001464036584
"Function execution took 3059 ms, finished with status: 'ok'"
0.001274932027
"Function execution took 3734 ms, finished with status: 'ok'"
0.00145164609
"Function execution took 2993 ms, finished with status: 'ok'"
0.001203245044
"Function execution took 3565 ms, finished with status: 'ok'"
0.00151649785
"Function execution took 3061 ms, finished with status: 'ok'"
0.001271912336
"Function execution took 3565 ms, finished with status: 'ok'"
0.001465439081
"Function execution took 3198 ms, finished with status: 'ok'"
0.001305100441
"Function execution took 3578 ms, finished with status: 'ok'"
0.001515430808
"Function execution took 3276 ms, finished with status: 'ok'"
0.001202772141
"Function execution took 3308 ms, finished with status: 'ok'"
0.001445499778
"Function execution took 3173 ms, finished with status: 'ok'"
0.001314223647
"Function execution took 3681 ms, finished with status: 'ok'"
0.001363681197
"Function execution took 3579 ms, finished with status: 'ok'"
0.001405910015
"Function execution took 3598 ms, finished with status: 'ok'"
0.001355306149
"Function execution took 3070 ms, finished with status: 'ok'"
0.001268286824
"Function execution took 3581 ms, finished with status: 'ok'"
0.001511758685
"Function execution took 3671 ms, finished with status: 'ok'"
0.001467901468
"Function execution took 3099 ms, finished with status: 'ok'"
0.001155016661
"Function execution took 2966 ms, finished with status: 'ok'"
0.001222120404
"Function execution took 3884 ms, finished with status: 'ok'"
0.001560807586
"Function execution took 3567 ms, finished with status: 'ok'"
0.001421055198
"Function execution took 3001 ms, finished with status: 'ok'"
0.001203730583
"Function execution took 2867 ms, finished with status: 'ok'"
0.001170856595
"Function execution took 3470 ms, finished with status: 'ok'"
0.001462036133
"Function execution took 3572 ms, finished with status: 'ok'"
0.001512422085
"Function execution took 3221 ms, finished with status: 'ok'"
0.001296579838
"Function execution took 2897 ms, finished with status: 'ok'"
0.001102118015
"Function execution took 3254 ms, finished with status: 'ok'"
0.001199059606
"Function execution took 3570 ms, finished with status: 'ok'"
0.001418136001
"Function execution took 3568 ms, finished with status: 'ok'"
0.001463372588
"Function execution took 3102 ms, finished with status: 'ok'"
0.001152921081
"Function execution took 3364 ms, finished with status: 'ok'"
0.001270705581
"Function execution took 3462 ms, finished with status: 'ok'"
0.001418813467
"Function execution took 3267 ms, finished with status: 'ok'"
0.001218529224
"Function execution took 3102 ms, finished with status: 'ok'"
0.001202950835
"Function execution took 3283 ms, finished with status: 'ok'"
0.001255956888
"Function execution took 3375 ms, finished with status: 'ok'"
0.001415179729
"Function execution took 3268 ms, finished with status: 'ok'"
0.001271696925
"Function execution took 3098 ms, finished with status: 'ok'"
0.001158913612
"Function execution took 3802 ms, finished with status: 'ok'"
0.001397473335
"Function execution took 3179 ms, finished with status: 'ok'"
0.001210321188
"Function execution took 3665 ms, finished with status: 'ok'"
0.00157301271
"Function execution took 3236 ms, finished with status: 'ok'"
0.001285129905
"Function execution took 2824 ms, finished with status: 'ok'"
0.001092372656
"Function execution took 3584 ms, finished with status: 'ok'"
0.001413811922
"Function execution took 3106 ms, finished with status: 'ok'"
0.001257714033
"Function execution took 3048 ms, finished with status: 'ok'"
0.001277857542
"Function execution took 3520 ms, finished with status: 'ok'"
0.001445215583
"Function execution took 3203 ms, finished with status: 'ok'"
0.001299407959
"Function execution took 3470 ms, finished with status: 'ok'"
0.001464512348
"Function execution took 3166 ms, finished with status: 'ok'"
0.001319364429
"Function execution took 3630 ms, finished with status: 'ok'"
0.001499376059
"Function execution took 3465 ms, finished with status: 'ok'"
0.001468826532
"Function execution took 3103 ms, finished with status: 'ok'"
0.001345844746
"Function execution took 3163 ms, finished with status: 'ok'"
0.001313901424
"Function execution took 3526 ms, finished with status: 'ok'"
0.001540913105
"Function execution took 3808 ms, finished with status: 'ok'"
0.001397836089
"Function execution took 3600 ms, finished with status: 'ok'"
0.001448755145
"Function execution took 3074 ms, finished with status: 'ok'"
0.001270131111
"Function execution took 3530 ms, finished with status: 'ok'"
0.001532917023
"Function execution took 3273 ms, finished with status: 'ok'"
0.001365246773
"Function execution took 3197 ms, finished with status: 'ok'"
0.001306499839
"Function execution took 3269 ms, finished with status: 'ok'"
0.001318691492
"Function execution took 3517 ms, finished with status: 'ok'"
0.001544140935
"Function execution took 3371 ms, finished with status: 'ok'"
0.001459085941
"Function execution took 3106 ms, finished with status: 'ok'"
0.001342395067
"Function execution took 3075 ms, finished with status: 'ok'"
0.001264878392
"Function execution took 3629 ms, finished with status: 'ok'"
0.001485052943
"Function execution took 3470 ms, finished with status: 'ok'"
0.001315259933
"Function execution took 3193 ms, finished with status: 'ok'"
0.001152647257
"Function execution took 3164 ms, finished with status: 'ok'"
0.001318971872
"Function execution took 3413 ms, finished with status: 'ok'"
0.001495386004
"Function execution took 3670 ms, finished with status: 'ok'"
0.001468183994
"Function execution took 3478 ms, finished with status: 'ok'"
0.001463370323
"Function execution took 3166 ms, finished with status: 'ok'"
0.001269199014
"Function execution took 3420 ms, finished with status: 'ok'"
0.00149413991
"Function execution took 2996 ms, finished with status: 'ok'"
0.001247808933
"Function execution took 3295 ms, finished with status: 'ok'"
0.001351456165
"Function execution took 3174 ms, finished with status: 'ok'"
0.001318244815
"Function execution took 3721 ms, finished with status: 'ok'"
0.001449248075
"Function execution took 2898 ms, finished with status: 'ok'"
0.001246878266
"Function execution took 3472 ms, finished with status: 'ok'"
0.001366619825
"Function execution took 3164 ms, finished with status: 'ok'"
0.00132227242
"Function execution took 3926 ms, finished with status: 'ok'"
0.001542519331
"Function execution took 3094 ms, finished with status: 'ok'"
0.001152767658
"Function execution took 3101 ms, finished with status: 'ok'"
0.00119592917
"Function execution took 3125 ms, finished with status: 'ok'"
0.001238180637
"Function execution took 4070 ms, finished with status: 'ok'"
0.001694495678
"Function execution took 623 ms, finished with status: 'ok'"
7.61E-05
"Function execution took 2821 ms, finished with status: 'ok'"
0.001191045403
"Function execution took 3979 ms, finished with status: 'ok'"
0.001646071792
"Function execution took 678 ms, finished with status: 'ok'"
8.88E-05
"Function execution took 860 ms, finished with status: 'ok'"
8.96E-05
"Function execution took 3050 ms, finished with status: 'ok'"
0.001279910684
"Function execution took 3264 ms, finished with status: 'ok'"
0.001319949389
"Function execution took 3593 ms, finished with status: 'ok'"
0.001351340771
"Function execution took 3124 ms, finished with status: 'ok'"
0.001344405651
"Function execution took 3199 ms, finished with status: 'ok'"
0.00129994154
"Function execution took 3264 ms, finished with status: 'ok'"
0.001320871949
"Function execution took 3206 ms, finished with status: 'ok'"
0.001199907303
"Function execution took 3060 ms, finished with status: 'ok'"
0.001222571015
"Function execution took 3097 ms, finished with status: 'ok'"
0.001103601933
"Function execution took 3308 ms, finished with status: 'ok'"
0.001348474622
"Function execution took 3212 ms, finished with status: 'ok'"
0.001399368763
"Function execution took 3116 ms, finished with status: 'ok'"
0.00134046793
"Function execution took 3375 ms, finished with status: 'ok'"
0.001415520191
"Function execution took 3250 ms, finished with status: 'ok'"
0.001326159954
"Function execution took 2806 ms, finished with status: 'ok'"
0.001102500439
"Function execution took 3214 ms, finished with status: 'ok'"
0.001294817328
"Function execution took 3568 ms, finished with status: 'ok'"
0.001362281084
"Function execution took 2944 ms, finished with status: 'ok'"
0.001234095454
"Function execution took 3515 ms, finished with status: 'ok'"
0.001540931225
"Function execution took 3258 ms, finished with status: 'ok'"
0.00125339222
"Function execution took 3745 ms, finished with status: 'ok'"
0.001446848989
"Function execution took 3188 ms, finished with status: 'ok'"
0.001157325745
"Function execution took 3417 ms, finished with status: 'ok'"
0.001385095358
"Function execution took 3405 ms, finished with status: 'ok'"
0.001294630885
"Function execution took 3369 ms, finished with status: 'ok'"
0.001413721681
"Function execution took 3044 ms, finished with status: 'ok'"
0.001176687956
"Function execution took 3415 ms, finished with status: 'ok'"
0.001493358612
"Function execution took 3406 ms, finished with status: 'ok'"
0.001447439075
"Function execution took 3462 ms, finished with status: 'ok'"
0.001366369605
"Function execution took 3055 ms, finished with status: 'ok'"
0.001225908637
"Function execution took 3313 ms, finished with status: 'ok'"
0.001343976021
"Function execution took 3715 ms, finished with status: 'ok'"
0.001639083982
"Function execution took 3273 ms, finished with status: 'ok'"
0.001393354297
"Function execution took 3158 ms, finished with status: 'ok'"
0.001149601579
"Function execution took 3496 ms, finished with status: 'ok'"
0.001350166559
"Function execution took 3319 ms, finished with status: 'ok'"
0.001348076344
"Function execution took 3471 ms, finished with status: 'ok'"
0.001365507245
"Function execution took 3065 ms, finished with status: 'ok'"
0.001261072993
"Function execution took 3714 ms, finished with status: 'ok'"
0.001591268659
"Function execution took 3111 ms, finished with status: 'ok'"
0.001346031785
"Function execution took 3378 ms, finished with status: 'ok'"
0.001316318393
"Function execution took 3162 ms, finished with status: 'ok'"
0.001319786668
"Function execution took 3809 ms, finished with status: 'ok'"
0.001551286459
"Function execution took 3413 ms, finished with status: 'ok'"
0.0013935256
"Function execution took 3268 ms, finished with status: 'ok'"
0.001364893198
"Function execution took 3208 ms, finished with status: 'ok'"
0.001396387935
"Function execution took 3164 ms, finished with status: 'ok'"
0.001270408869
"Function execution took 3220 ms, finished with status: 'ok'"
0.001293297768
"Function execution took 3665 ms, finished with status: 'ok'"
0.001465290546
"Function execution took 3369 ms, finished with status: 'ok'"
0.001416947484
"Function execution took 2954 ms, finished with status: 'ok'"
0.001222669363
"Function execution took 3295 ms, finished with status: 'ok'"
0.001246927619
"Function execution took 3416 ms, finished with status: 'ok'"
0.00140074861
"Function execution took 3372 ms, finished with status: 'ok'"
0.001415935636
"Function execution took 2960 ms, finished with status: 'ok'"
0.001172946215
"Function execution took 3216 ms, finished with status: 'ok'"
0.001388632536
"Function execution took 3565 ms, finished with status: 'ok'"
0.001523103833
"Function execution took 3156 ms, finished with status: 'ok'"
0.001317365527
"Function execution took 3160 ms, finished with status: 'ok'"
0.001318338633
"Function execution took 3416 ms, finished with status: 'ok'"
0.001401358604
"Function execution took 3666 ms, finished with status: 'ok'"
0.001496230364
"Function execution took 3196 ms, finished with status: 'ok'"
0.001307674885
"Function execution took 3152 ms, finished with status: 'ok'"
0.001199134231
"Function execution took 3419 ms, finished with status: 'ok'"
0.001441031694
"Function execution took 3470 ms, finished with status: 'ok'"
0.001411436677
"Function execution took 3408 ms, finished with status: 'ok'"
0.001400644183
"Function execution took 3567 ms, finished with status: 'ok'"
0.001543402195
"Function execution took 3262 ms, finished with status: 'ok'"
0.001369751692
"Function execution took 3180 ms, finished with status: 'ok'"
0.001306298852