"Function execution took 408 ms, finished with status: 'ok'"
0.0001765061617
"Function execution took 405 ms, finished with status: 'ok'"
0.0001757068634
"Function execution took 380 ms, finished with status: 'ok'"
0.000161503315
"Function execution took 407 ms, finished with status: 'ok'"
0.0001768573523
"Function execution took 406 ms, finished with status: 'ok'"
0.0001764507294
"Function execution took 402 ms, finished with status: 'ok'"
0.0001742104292
"Function execution took 400 ms, finished with status: 'ok'"
0.0001727987528
"Function execution took 365 ms, finished with status: 'ok'"
0.0001554976702
"Function execution took 408 ms, finished with status: 'ok'"
0.0001780159473
"Function execution took 402 ms, finished with status: 'ok'"
0.000174484849
"Function execution took 417 ms, finished with status: 'ok'"
0.0001826206446
"Function execution took 394 ms, finished with status: 'ok'"
0.0001712533236
"Function execution took 401 ms, finished with status: 'ok'"
0.0001735172272
"Function execution took 405 ms, finished with status: 'ok'"
0.0001698415279
"Function execution took 427 ms, finished with status: 'ok'"
0.0001825575829
"Function execution took 416 ms, finished with status: 'ok'"
0.0001800490618
"Function execution took 424 ms, finished with status: 'ok'"
0.0001802821159
"Function execution took 419 ms, finished with status: 'ok'"
0.0001822538376
"Function execution took 412 ms, finished with status: 'ok'"
0.0001779695749
"Function execution took 390 ms, finished with status: 'ok'"
0.0001425265074
"Function execution took 411 ms, finished with status: 'ok'"
0.0001789245605
"Function execution took 441 ms, finished with status: 'ok'"
0.0001879154444
"Function execution took 324 ms, finished with status: 'ok'"
0.0001361268759
"Function execution took 405 ms, finished with status: 'ok'"
0.0001749874353
"Function execution took 401 ms, finished with status: 'ok'"
0.0001740679741
"Function execution took 409 ms, finished with status: 'ok'"
0.0001783041954
"Function execution took 402 ms, finished with status: 'ok'"
0.0001746295691
"Function execution took 423 ms, finished with status: 'ok'"
0.0001844096184
"Function execution took 415 ms, finished with status: 'ok'"
0.0001802362204
"Function execution took 408 ms, finished with status: 'ok'"
0.0001771430969
"Function execution took 412 ms, finished with status: 'ok'"
0.0001775197983
"Function execution took 415 ms, finished with status: 'ok'"
0.0001800637245
"Function execution took 399 ms, finished with status: 'ok'"
0.0001713258028
"Function execution took 393 ms, finished with status: 'ok'"
0.0001699095964
"Function execution took 403 ms, finished with status: 'ok'"
0.0001735262871
"Function execution took 403 ms, finished with status: 'ok'"
0.0001744923592
"Function execution took 406 ms, finished with status: 'ok'"
0.0001769329309
"Function execution took 401 ms, finished with status: 'ok'"
0.0001741163731
"Function execution took 396 ms, finished with status: 'ok'"
0.0001714137793
"Function execution took 414 ms, finished with status: 'ok'"
0.0001810973883
"Function execution took 419 ms, finished with status: 'ok'"
0.0001818436384
"Function execution took 370 ms, finished with status: 'ok'"
0.0001590547562
"Function execution took 375 ms, finished with status: 'ok'"
0.00015931952
"Function execution took 374 ms, finished with status: 'ok'"
0.0001602109671
"Function execution took 364 ms, finished with status: 'ok'"
0.0001552443504
"Function execution took 620 ms, finished with status: 'ok'"
0.0002544025183
"Function execution took 367 ms, finished with status: 'ok'"
0.000156496048
"Function execution took 364 ms, finished with status: 'ok'"
0.0001558333635
"Function execution took 420 ms, finished with status: 'ok'"
0.0001716977358
"Function execution took 410 ms, finished with status: 'ok'"
0.000178467989
"Function execution took 407 ms, finished with status: 'ok'"
0.0001770846844
"Function execution took 417 ms, finished with status: 'ok'"
0.0001824210882
"Function execution took 381 ms, finished with status: 'ok'"
0.0001633059978
"Function execution took 341 ms, finished with status: 'ok'"
0.0001449333429
"Function execution took 391 ms, finished with status: 'ok'"
0.00016898036
"Function execution took 389 ms, finished with status: 'ok'"
0.0001688143015
"Function execution took 386 ms, finished with status: 'ok'"
0.0001404285431
"Function execution took 394 ms, finished with status: 'ok'"
0.0001706994772
"Function execution took 398 ms, finished with status: 'ok'"
0.000172167778
"Function execution took 408 ms, finished with status: 'ok'"
0.0001770464182
"Function execution took 397 ms, finished with status: 'ok'"
0.0001714147329
"Function execution took 415 ms, finished with status: 'ok'"
0.0001786857843
"Function execution took 428 ms, finished with status: 'ok'"
0.0001820268631
"Function execution took 418 ms, finished with status: 'ok'"
0.0001816461086
"Function execution took 414 ms, finished with status: 'ok'"
0.0001807053089
"Function execution took 426 ms, finished with status: 'ok'"
0.000184049964
"Function execution took 401 ms, finished with status: 'ok'"
0.0001751006842
"Function execution took 393 ms, finished with status: 'ok'"
0.0001704280376
"Function execution took 406 ms, finished with status: 'ok'"
0.0001775975227
"Function execution took 404 ms, finished with status: 'ok'"
0.0001750240326
"Function execution took 389 ms, finished with status: 'ok'"
0.0001438292265
"Function execution took 404 ms, finished with status: 'ok'"
0.0001759316921
"Function execution took 407 ms, finished with status: 'ok'"
0.0001764310598
"Function execution took 410 ms, finished with status: 'ok'"
0.0001780899763
"Function execution took 399 ms, finished with status: 'ok'"
0.0001715432405
"Function execution took 409 ms, finished with status: 'ok'"
0.0001783516407
"Function execution took 424 ms, finished with status: 'ok'"
0.0001836209297
"Function execution took 390 ms, finished with status: 'ok'"
0.0001691234112
"Function execution took 406 ms, finished with status: 'ok'"
0.0001761882305
"Function execution took 404 ms, finished with status: 'ok'"
0.0001741548777
"Function execution took 407 ms, finished with status: 'ok'"
0.0001754976511
"Function execution took 343 ms, finished with status: 'ok'"
0.0001450848579
"Function execution took 393 ms, finished with status: 'ok'"
0.0001712278128
"Function execution took 398 ms, finished with status: 'ok'"
0.0001729545593
"Function execution took 404 ms, finished with status: 'ok'"
0.0001762639284
"Function execution took 414 ms, finished with status: 'ok'"
0.0001801611185
"Function execution took 394 ms, finished with status: 'ok'"
0.0001709413528
"Function execution took 401 ms, finished with status: 'ok'"
0.0001731241941
"Function execution took 337 ms, finished with status: 'ok'"
0.0001416457891
"Function execution took 399 ms, finished with status: 'ok'"
0.0001732788086
"Function execution took 404 ms, finished with status: 'ok'"
0.0001754775047
"Function execution took 411 ms, finished with status: 'ok'"
0.0001652214527
"Function execution took 365 ms, finished with status: 'ok'"
0.0001568824053
"Function execution took 402 ms, finished with status: 'ok'"
0.0001734462976
"Function execution took 390 ms, finished with status: 'ok'"
0.0001681474447
"Function execution took 396 ms, finished with status: 'ok'"
0.0001698399782
"Function execution took 401 ms, finished with status: 'ok'"
0.0001719117165
"Function execution took 421 ms, finished with status: 'ok'"
0.0001809153557
"Function execution took 435 ms, finished with status: 'ok'"
0.0001888004541
"Function execution took 384 ms, finished with status: 'ok'"
0.0001606565714
"Function execution took 404 ms, finished with status: 'ok'"
0.0001751018763
"Function execution took 421 ms, finished with status: 'ok'"
0.0001814646721
"Function execution took 402 ms, finished with status: 'ok'"
0.0001745647192
"Function execution took 403 ms, finished with status: 'ok'"
0.0001754758358
"Function execution took 420 ms, finished with status: 'ok'"
0.0001830784082
"Function execution took 398 ms, finished with status: 'ok'"
0.0001724059582
"Function execution took 400 ms, finished with status: 'ok'"
0.0001731202602
"Function execution took 413 ms, finished with status: 'ok'"
0.0001800194979
"Function execution took 406 ms, finished with status: 'ok'"
0.0001760790348
"Function execution took 400 ms, finished with status: 'ok'"
0.0001743481159
"Function execution took 424 ms, finished with status: 'ok'"
0.0001853479147
"Function execution took 420 ms, finished with status: 'ok'"
0.0001819697618
"Function execution took 426 ms, finished with status: 'ok'"
0.0001861791611
"Function execution took 398 ms, finished with status: 'ok'"
0.000172514677
"Function execution took 418 ms, finished with status: 'ok'"
0.0001829618216
"Function execution took 410 ms, finished with status: 'ok'"
0.0001793884039
"Function execution took 412 ms, finished with status: 'ok'"
0.0001804335117
"Function execution took 417 ms, finished with status: 'ok'"
0.0001815979481
"Function execution took 406 ms, finished with status: 'ok'"
0.0001764065027
"Function execution took 492 ms, finished with status: 'ok'"
0.0002177751064
"Function execution took 400 ms, finished with status: 'ok'"
0.0001735992432
"Function execution took 407 ms, finished with status: 'ok'"
0.0001783269644
"Function execution took 408 ms, finished with status: 'ok'"
0.000178044796
"Function execution took 408 ms, finished with status: 'ok'"
0.0001783102751
"Function execution took 388 ms, finished with status: 'ok'"
0.0001677154303
"Function execution took 398 ms, finished with status: 'ok'"
0.0001721810102
"Function execution took 405 ms, finished with status: 'ok'"
0.0001765468121
"Function execution took 401 ms, finished with status: 'ok'"
0.0001748332977
"Function execution took 409 ms, finished with status: 'ok'"
0.0001778249741
"Function execution took 412 ms, finished with status: 'ok'"
0.0001782509089
"Function execution took 406 ms, finished with status: 'ok'"
0.0001760132313
"Function execution took 426 ms, finished with status: 'ok'"
0.0001849989891
"Function execution took 413 ms, finished with status: 'ok'"
0.0001775121689
"Function execution took 399 ms, finished with status: 'ok'"
0.0001749778986
"Function execution took 422 ms, finished with status: 'ok'"
0.0001852836609
"Function execution took 393 ms, finished with status: 'ok'"
0.0001709085703
"Function execution took 407 ms, finished with status: 'ok'"
0.0001785897017
"Function execution took 404 ms, finished with status: 'ok'"
0.0001752365828
"Function execution took 402 ms, finished with status: 'ok'"
0.0001727650166
"Function execution took 408 ms, finished with status: 'ok'"
0.0001789411306
"Function execution took 410 ms, finished with status: 'ok'"
0.0001713092327
"Function execution took 397 ms, finished with status: 'ok'"
0.0001457520723
"Function execution took 396 ms, finished with status: 'ok'"
0.0001706361771
"Function execution took 405 ms, finished with status: 'ok'"
0.0001752617359
"Function execution took 417 ms, finished with status: 'ok'"
0.000181486845
"Function execution took 411 ms, finished with status: 'ok'"
0.0001787388325
"Function execution took 412 ms, finished with status: 'ok'"
0.0001795502901
"Function execution took 394 ms, finished with status: 'ok'"
0.0001697776318
"Function execution took 394 ms, finished with status: 'ok'"
0.0001709922552
"Function execution took 395 ms, finished with status: 'ok'"
0.0001702260971
"Function execution took 402 ms, finished with status: 'ok'"
0.0001748440266
"Function execution took 406 ms, finished with status: 'ok'"
0.0001771756411
"Function execution took 395 ms, finished with status: 'ok'"
0.0001708956957
"Function execution took 344 ms, finished with status: 'ok'"
0.000145290494
"Function execution took 404 ms, finished with status: 'ok'"
0.0001750807762
"Function execution took 393 ms, finished with status: 'ok'"
0.000170506835
"Function execution took 404 ms, finished with status: 'ok'"
0.00017639184
"Function execution took 401 ms, finished with status: 'ok'"
0.0001732081175
"Function execution took 399 ms, finished with status: 'ok'"
0.0001733762026
"Function execution took 399 ms, finished with status: 'ok'"
0.0001732558012
"Function execution took 382 ms, finished with status: 'ok'"
0.0001639213562
"Function execution took 396 ms, finished with status: 'ok'"
0.0001708848476
"Function execution took 340 ms, finished with status: 'ok'"
0.0001424626112
"Function execution took 417 ms, finished with status: 'ok'"
0.0001817814112
"Function execution took 408 ms, finished with status: 'ok'"
0.0001777849197
"Function execution took 405 ms, finished with status: 'ok'"
0.0001757854223
"Function execution took 408 ms, finished with status: 'ok'"
0.0001774305105