"Function execution took 1505 ms, finished with status: 'ok'"
0.0006391276121
"Function execution took 1603 ms, finished with status: 'ok'"
0.0006921491623
"Function execution took 1454 ms, finished with status: 'ok'"
0.0006670084
"Function execution took 1516 ms, finished with status: 'ok'"
0.0006429989338
"Function execution took 1499 ms, finished with status: 'ok'"
0.0005611691475
"Function execution took 1608 ms, finished with status: 'ok'"
0.0006964899302
"Function execution took 1497 ms, finished with status: 'ok'"
0.0005596338511
"Function execution took 1484 ms, finished with status: 'ok'"
0.0006599929333
"Function execution took 1404 ms, finished with status: 'ok'"
0.0006029103994
"Function execution took 1611 ms, finished with status: 'ok'"
0.000699708581
"Function execution took 1501 ms, finished with status: 'ok'"
0.0005590214729
"Function execution took 1515 ms, finished with status: 'ok'"
0.0007296203375
"Function execution took 1601 ms, finished with status: 'ok'"
0.0006044145823
"Function execution took 1517 ms, finished with status: 'ok'"
0.0007314987183
"Function execution took 675 ms, finished with status: 'ok'"
9.40E-05
"Function execution took 1317 ms, finished with status: 'ok'"
0.0005563924313
"Function execution took 1527 ms, finished with status: 'ok'"
0.0007369618416
"Function execution took 1415 ms, finished with status: 'ok'"
0.0005945273638
"Function execution took 1526 ms, finished with status: 'ok'"
0.0007322704792
"Function execution took 1498 ms, finished with status: 'ok'"
0.0006418272257
"Function execution took 1522 ms, finished with status: 'ok'"
0.0007316790819
"Function execution took 1502 ms, finished with status: 'ok'"
0.0006423887014
"Function execution took 1506 ms, finished with status: 'ok'"
0.000726809144
"Function execution took 1402 ms, finished with status: 'ok'"
0.0005941436291
"Function execution took 1518 ms, finished with status: 'ok'"
0.0007323433161
"Function execution took 1502 ms, finished with status: 'ok'"
0.0005934299231
"Function execution took 1522 ms, finished with status: 'ok'"
0.0006543838978
"Function execution took 1502 ms, finished with status: 'ok'"
0.0006397584677
"Function execution took 1619 ms, finished with status: 'ok'"
0.0006884434223
"Function execution took 1501 ms, finished with status: 'ok'"
0.0005550413132
"Function execution took 1515 ms, finished with status: 'ok'"
0.0007303518057
"Function execution took 1496 ms, finished with status: 'ok'"
0.0006412000656
"Function execution took 1516 ms, finished with status: 'ok'"
0.0007308756113
"Function execution took 1485 ms, finished with status: 'ok'"
0.0005661057234
"Function execution took 1518 ms, finished with status: 'ok'"
0.0006917495728
"Function execution took 1517 ms, finished with status: 'ok'"
0.0006515060663
"Function execution took 1614 ms, finished with status: 'ok'"
0.0006931791306
"Function execution took 1504 ms, finished with status: 'ok'"
0.0005529403687
"Function execution took 1612 ms, finished with status: 'ok'"
0.0006928397417
"Function execution took 1406 ms, finished with status: 'ok'"
0.0005559879541
"Function execution took 571 ms, finished with status: 'ok'"
8.04E-05
"Function execution took 1658 ms, finished with status: 'ok'"
0.0007598984241
"Function execution took 1481 ms, finished with status: 'ok'"
0.000655673027
"Function execution took 1575 ms, finished with status: 'ok'"
0.000662828207
"Function execution took 1569 ms, finished with status: 'ok'"
0.0006150548458
"Function execution took 1471 ms, finished with status: 'ok'"
0.000575483799
"Function execution took 646 ms, finished with status: 'ok'"
8.45E-05
"Function execution took 1603 ms, finished with status: 'ok'"
0.0006078284979
"Function execution took 1555 ms, finished with status: 'ok'"
0.0006226192713
"Function execution took 1518 ms, finished with status: 'ok'"
0.0006492886543
"Function execution took 1528 ms, finished with status: 'ok'"
0.0007307887077
"Function execution took 1523 ms, finished with status: 'ok'"
0.0007330359221
"Function execution took 1699 ms, finished with status: 'ok'"
0.000739613533
"Function execution took 1514 ms, finished with status: 'ok'"
0.000729837656
"Function execution took 1609 ms, finished with status: 'ok'"
0.00065343678
"Function execution took 1509 ms, finished with status: 'ok'"
0.0007266962528
"Function execution took 1715 ms, finished with status: 'ok'"
0.0007476416826
"Function execution took 1423 ms, finished with status: 'ok'"
0.0006848480701
"Function execution took 1611 ms, finished with status: 'ok'"
0.0006998405457
"Function execution took 1565 ms, finished with status: 'ok'"
0.0006207141876
"Function execution took 1619 ms, finished with status: 'ok'"
0.0006986929178
"Function execution took 1226 ms, finished with status: 'ok'"
0.0004963338375
"Function execution took 1521 ms, finished with status: 'ok'"
0.0007318379879
"Function execution took 1520 ms, finished with status: 'ok'"
0.0007291384935
"Function execution took 1521 ms, finished with status: 'ok'"
0.000687057972
"Function execution took 1524 ms, finished with status: 'ok'"
0.0007272812128
"Function execution took 1613 ms, finished with status: 'ok'"
0.000695774436
"Function execution took 1526 ms, finished with status: 'ok'"
0.0006543850899
"Function execution took 1629 ms, finished with status: 'ok'"
0.0007837785482
"Function execution took 1512 ms, finished with status: 'ok'"
0.000728900075
"Function execution took 1623 ms, finished with status: 'ok'"
0.0007831119299
"Function execution took 1427 ms, finished with status: 'ok'"
0.0006863248348
"Function execution took 1624 ms, finished with status: 'ok'"
0.0007785056829
"Function execution took 1432 ms, finished with status: 'ok'"
0.0006832801104
"Function execution took 1617 ms, finished with status: 'ok'"
0.0006906182766
"Function execution took 1432 ms, finished with status: 'ok'"
0.0006862428188
"Function execution took 1619 ms, finished with status: 'ok'"
0.0007824065685
"Function execution took 1517 ms, finished with status: 'ok'"
0.0005542427301
"Function execution took 1523 ms, finished with status: 'ok'"
0.0006517797709
"Function execution took 1511 ms, finished with status: 'ok'"
0.0006856220961
"Function execution took 1529 ms, finished with status: 'ok'"
0.0007380409241
"Function execution took 1428 ms, finished with status: 'ok'"
0.000687204361
"Function execution took 1609 ms, finished with status: 'ok'"
0.0006505995989
"Function execution took 1527 ms, finished with status: 'ok'"
0.0007366937399
"Function execution took 1625 ms, finished with status: 'ok'"
0.0007833352089
"Function execution took 1427 ms, finished with status: 'ok'"
0.0006863871813
"Function execution took 1715 ms, finished with status: 'ok'"
0.0007519499063
"Function execution took 1523 ms, finished with status: 'ok'"
0.0006485749483
"Function execution took 1806 ms, finished with status: 'ok'"
0.000704000473
"Function execution took 1602 ms, finished with status: 'ok'"
0.0006960985661
"Function execution took 1799 ms, finished with status: 'ok'"
0.0007057489157
"Function execution took 1605 ms, finished with status: 'ok'"
0.0006888703108
"Function execution took 1792 ms, finished with status: 'ok'"
0.0007923923731
"Function execution took 1703 ms, finished with status: 'ok'"
0.0007357509136
"Function execution took 1807 ms, finished with status: 'ok'"
0.0007896465063
"Function execution took 1514 ms, finished with status: 'ok'"
0.0007294232845
"Function execution took 1795 ms, finished with status: 'ok'"
0.0007045298815
"Function execution took 1516 ms, finished with status: 'ok'"
0.0006426523924
"Function execution took 1712 ms, finished with status: 'ok'"
0.0006570037603
"Function execution took 1661 ms, finished with status: 'ok'"
0.0007138898373
"Function execution took 1429 ms, finished with status: 'ok'"
0.0006859195232
"Function execution took 1415 ms, finished with status: 'ok'"
0.0005961720943
"Function execution took 1514 ms, finished with status: 'ok'"
0.0007289173603
"Function execution took 1409 ms, finished with status: 'ok'"
0.0005954810381
"Function execution took 1513 ms, finished with status: 'ok'"
0.0006478967667
"Function execution took 1497 ms, finished with status: 'ok'"
0.0005616521835
"Function execution took 1615 ms, finished with status: 'ok'"
0.0006433242559
"Function execution took 1407 ms, finished with status: 'ok'"
0.0005925649405
"Function execution took 1721 ms, finished with status: 'ok'"
0.0007418619394
"Function execution took 1406 ms, finished with status: 'ok'"
0.0005939816236
"Function execution took 1520 ms, finished with status: 'ok'"
0.0007318447828
"Function execution took 1598 ms, finished with status: 'ok'"
0.0006016918421
"Function execution took 1508 ms, finished with status: 'ok'"
0.0006475226879
"Function execution took 1600 ms, finished with status: 'ok'"
0.0006409441233
"Function execution took 1517 ms, finished with status: 'ok'"
0.0007309981585
"Function execution took 1306 ms, finished with status: 'ok'"
0.0004491888285
"Function execution took 1596 ms, finished with status: 'ok'"
0.0006946327686
"Function execution took 1502 ms, finished with status: 'ok'"
0.0006388998032
"Function execution took 1518 ms, finished with status: 'ok'"
0.0006472483873
"Function execution took 1595 ms, finished with status: 'ok'"
0.0006910331249
"Function execution took 1522 ms, finished with status: 'ok'"
0.0007341614962
"Function execution took 1509 ms, finished with status: 'ok'"
0.0006430968046
"Function execution took 1424 ms, finished with status: 'ok'"
0.0006825306416
"Function execution took 1501 ms, finished with status: 'ok'"
0.0006409000158
"Function execution took 1603 ms, finished with status: 'ok'"
0.0006963783503
"Function execution took 1495 ms, finished with status: 'ok'"
0.0006426204443
"Function execution took 1525 ms, finished with status: 'ok'"
0.0007321797609
"Function execution took 1498 ms, finished with status: 'ok'"
0.0005633425713
"Function execution took 1516 ms, finished with status: 'ok'"
0.0007312620878
"Function execution took 1503 ms, finished with status: 'ok'"
0.000637481451
"Function execution took 1515 ms, finished with status: 'ok'"
0.0007301130295
"Function execution took 1413 ms, finished with status: 'ok'"
0.0005961350203
"Function execution took 1613 ms, finished with status: 'ok'"
0.0006472091675
"Function execution took 1516 ms, finished with status: 'ok'"
0.000554138422
"Function execution took 1516 ms, finished with status: 'ok'"
0.0007315829992
"Function execution took 1503 ms, finished with status: 'ok'"
0.0006432507038
"Function execution took 1532 ms, finished with status: 'ok'"
0.0006467620134
"Function execution took 1408 ms, finished with status: 'ok'"
0.0005908324718
"Function execution took 1609 ms, finished with status: 'ok'"
0.0007343645096
"Function execution took 1609 ms, finished with status: 'ok'"
0.00063882339
"Function execution took 1419 ms, finished with status: 'ok'"
0.0006824321747
"Function execution took 1414 ms, finished with status: 'ok'"
0.0005964229107
"Function execution took 1517 ms, finished with status: 'ok'"
0.0006820648909
"Function execution took 1405 ms, finished with status: 'ok'"
0.0005963976383
"Function execution took 1428 ms, finished with status: 'ok'"
0.0005922147036
"Function execution took 1415 ms, finished with status: 'ok'"
0.0005913864374
"Function execution took 1422 ms, finished with status: 'ok'"
0.0006837126017
"Function execution took 1402 ms, finished with status: 'ok'"
0.0006009488106
"Function execution took 1511 ms, finished with status: 'ok'"
0.0007289834023
"Function execution took 1487 ms, finished with status: 'ok'"
0.0006477396488
"Function execution took 1514 ms, finished with status: 'ok'"
0.0007304419279
"Function execution took 1504 ms, finished with status: 'ok'"
0.0005511572361
"Function execution took 1514 ms, finished with status: 'ok'"
0.000644007206
"Function execution took 1499 ms, finished with status: 'ok'"
0.0006422221661
"Function execution took 1418 ms, finished with status: 'ok'"
0.0005963639021
"Function execution took 1401 ms, finished with status: 'ok'"
0.0005932905674
"Function execution took 1424 ms, finished with status: 'ok'"
0.0006820611954
"Function execution took 1406 ms, finished with status: 'ok'"
0.0005971499681
"Function execution took 1424 ms, finished with status: 'ok'"
0.0006854016781
"Function execution took 1500 ms, finished with status: 'ok'"
0.0006376831532
"Function execution took 1507 ms, finished with status: 'ok'"
0.0006427508593
"Function execution took 1395 ms, finished with status: 'ok'"
0.0005498275757
"Function execution took 1426 ms, finished with status: 'ok'"
0.0006807029247
"Function execution took 1506 ms, finished with status: 'ok'"
0.0005448551178
"Function execution took 1519 ms, finished with status: 'ok'"
0.0006432950497
"Function execution took 1511 ms, finished with status: 'ok'"
0.0006421035528
"Function execution took 1516 ms, finished with status: 'ok'"
0.0006483662128