insertId,internalId.projectNumber,internalMetadata.billingSize,internalMetadata.bucketUuid.tcubeShardNames,internalMetadata.bucketUuid.uid,internalMetadata.logBucketDefaultSink,internalMetadata.queryAnnotations.residentBucketEntityId.projectNumber,internalMetadata.queryAnnotations.residentBucketUuid,labels.execution_id,logName,receiveLocation,receiveTimestamp,receivedLocation,resource.labels.function_name,resource.labels.project_id,resource.labels.region,resource.type,textPayload,timestamp,trace,writerEmailAddress
000000-18aed8cb-706d-40e6-8064-89f5ea734d81,,,,,,,,o9u8glb0ajsi,projects/ubc-serverless-qos/logs/cloudfunctions.googleapis.com%2Fcloud-functions,,2022-04-05T23:52:57.856239981Z,,thread-2g,ubc-serverless-qos,northamerica-northeast1,cloud_function,9.548413753509522e-05,2022-04-05T23:52:51.512Z,projects/ubc-serverless-qos/traces/551d5e4b6db67ece89daa70d4cddfdad,
000000-f787e92a-7827-419d-853a-c08f96dfeb37,,,,,,,,o9u8s02fsqu9,projects/ubc-serverless-qos/logs/cloudfunctions.googleapis.com%2Fcloud-functions,,2022-04-05T23:52:57.856239981Z,,thread-2g,ubc-serverless-qos,northamerica-northeast1,cloud_function,9.23541784286499e-05,2022-04-05T23:52:50.520Z,projects/ubc-serverless-qos/traces/f2ab2f8ba3a720fe8e2da558a67035f0,
000000-06630f32-c421-443d-8c65-78e29c07c467,,,,,,,,o9u8wae8f67b,projects/ubc-serverless-qos/logs/cloudfunctions.googleapis.com%2Fcloud-functions,,2022-04-05T23:52:57.856239981Z,,thread-2g,ubc-serverless-qos,northamerica-northeast1,cloud_function,8.364522457122803e-05,2022-04-05T23:52:48.832Z,projects/ubc-serverless-qos/traces/885c268aee176390601a417123bcb997,
000000-37f20c42-b584-48b7-ac37-57ac18b648fd,,,,,,,,o9u8w9hu4t6c,projects/ubc-serverless-qos/logs/cloudfunctions.googleapis.com%2Fcloud-functions,,2022-04-05T23:52:57.856239981Z,,thread-2g,ubc-serverless-qos,northamerica-northeast1,cloud_function,9.123992919921875e-05,2022-04-05T23:52:47.809Z,projects/ubc-serverless-qos/traces/acc8732edb572f804173e22a1a0308e3,
000000-2f4d6f46-1a27-4bcd-81d5-12e2ee2162b2,,,,,,,,o9u8vv1q9jcy,projects/ubc-serverless-qos/logs/cloudfunctions.googleapis.com%2Fcloud-functions,,2022-04-05T23:52:47.713615522Z,,thread-2g,ubc-serverless-qos,northamerica-northeast1,cloud_function,9.028947353363037e-05,2022-04-05T23:52:46.807Z,projects/ubc-serverless-qos/traces/5cc9c043d5349d9289c9b7e4c2290601,
000000-d1d2af80-e463-48f9-89f2-336c962624da,,,,,,,,o9u8jx5a6u2j,projects/ubc-serverless-qos/logs/cloudfunctions.googleapis.com%2Fcloud-functions,,2022-04-05T23:52:47.713615522Z,,thread-2g,ubc-serverless-qos,northamerica-northeast1,cloud_function,9.396374225616455e-05,2022-04-05T23:52:45.812Z,projects/ubc-serverless-qos/traces/f755ee73dce8e11f80caefa5d5059894,
000000-f08c3729-89be-4929-9781-bb811271e3fb,,,,,,,,o9u8d96igc0w,projects/ubc-serverless-qos/logs/cloudfunctions.googleapis.com%2Fcloud-functions,,2022-04-05T23:52:47.713615522Z,,thread-2g,ubc-serverless-qos,northamerica-northeast1,cloud_function,8.907651901245117e-05,2022-04-05T23:52:44.806Z,projects/ubc-serverless-qos/traces/1f169ac1d3b8ed1eb0ddd528e7b492d0,
000000-fb135cb4-5b50-4f39-9a5b-314d17268b7a,,,,,,,,o9u8c416jhvj,projects/ubc-serverless-qos/logs/cloudfunctions.googleapis.com%2Fcloud-functions,,2022-04-05T23:52:47.713615522Z,,thread-2g,ubc-serverless-qos,northamerica-northeast1,cloud_function,8.141946792602539e-05,2022-04-05T23:52:43.823Z,projects/ubc-serverless-qos/traces/26527e396a652ef22f6d64a1438ccf78,
000000-3cda38df-3ee0-4218-9ef1-8a821faa9ed0,,,,,,,,o9u8a96lfayu,projects/ubc-serverless-qos/logs/cloudfunctions.googleapis.com%2Fcloud-functions,,2022-04-05T23:52:47.713615522Z,,thread-2g,ubc-serverless-qos,northamerica-northeast1,cloud_function,9.168338775634766e-05,2022-04-05T23:52:42.807Z,projects/ubc-serverless-qos/traces/539abe4dddb6a968b2855fa4ac4b5a09,
000000-5e652f01-1507-4dd7-af73-cddd4d1e0deb,,,,,,,,o9u8xhxdtkk4,projects/ubc-serverless-qos/logs/cloudfunctions.googleapis.com%2Fcloud-functions,,2022-04-05T23:52:47.713615522Z,,thread-2g,ubc-serverless-qos,northamerica-northeast1,cloud_function,9.064853191375732e-05,2022-04-05T23:52:41.809Z,projects/ubc-serverless-qos/traces/71fe029755628ff32e5cbd50d0eb2a16,
000000-9672a672-be3e-4f30-9c94-819e157e1c5b,,,,,,,,o9u8o81pmobm,projects/ubc-serverless-qos/logs/cloudfunctions.googleapis.com%2Fcloud-functions,,2022-04-05T23:52:47.713615522Z,,thread-2g,ubc-serverless-qos,northamerica-northeast1,cloud_function,9.136891365051269e-05,2022-04-05T23:52:40.808Z,projects/ubc-serverless-qos/traces/cdb4bde81c532d9a5c1f476163272c50,
000000-0ae5f66f-49a3-4094-9c98-19f714e7498f,,,,,,,,o9u8sp8pauxx,projects/ubc-serverless-qos/logs/cloudfunctions.googleapis.com%2Fcloud-functions,,2022-04-05T23:52:47.713615522Z,,thread-2g,ubc-serverless-qos,northamerica-northeast1,cloud_function,8.77467393875122e-05,2022-04-05T23:52:39.809Z,projects/ubc-serverless-qos/traces/3b1039bf54780d0eaa6b323017b8619e,
000000-864e48ef-c8d3-4b37-8a00-3ba5e9b654e3,,,,,,,,o9u81a8379ws,projects/ubc-serverless-qos/logs/cloudfunctions.googleapis.com%2Fcloud-functions,,2022-04-05T23:52:47.713615522Z,,thread-2g,ubc-serverless-qos,northamerica-northeast1,cloud_function,9.83959436416626e-05,2022-04-05T23:52:38.822Z,projects/ubc-serverless-qos/traces/0c38aeb46750667337a5c3fc0bdf9ef9,
000000-758a213b-2ab2-4312-8511-d001af16d150,,,,,,,,o9u82kvp1sml,projects/ubc-serverless-qos/logs/cloudfunctions.googleapis.com%2Fcloud-functions,,2022-04-05T23:52:47.713615522Z,,thread-2g,ubc-serverless-qos,northamerica-northeast1,cloud_function,9.257638454437256e-05,2022-04-05T23:52:37.811Z,projects/ubc-serverless-qos/traces/8ac7c4b85622b4dd27d8081fd393a8bb,
000000-fcf7a408-32d7-4dda-afaa-328c2148c895,,,,,,,,o9u8d1t68fx7,projects/ubc-serverless-qos/logs/cloudfunctions.googleapis.com%2Fcloud-functions,,2022-04-05T23:52:37.799158634Z,,thread-2g,ubc-serverless-qos,northamerica-northeast1,cloud_function,9.194111824035645e-05,2022-04-05T23:52:36.908Z,projects/ubc-serverless-qos/traces/3594c4c3881af3c701545fddef2a4859,
000000-aeb4c9cb-25a1-470f-b1ed-ca16f3d2fced,,,,,,,,o9u8e3idelub,projects/ubc-serverless-qos/logs/cloudfunctions.googleapis.com%2Fcloud-functions,,2022-04-05T23:52:37.799158634Z,,thread-2g,ubc-serverless-qos,northamerica-northeast1,cloud_function,9.316253662109375e-05,2022-04-05T23:52:36.498Z,projects/ubc-serverless-qos/traces/fd52b72fde83853e8a452adddf08b260,
000000-069acd98-6be2-4906-ae59-39c337b24cb7,,,,,,,,o9u88b1h9wof,projects/ubc-serverless-qos/logs/cloudfunctions.googleapis.com%2Fcloud-functions,,2022-04-05T23:52:37.799158634Z,,thread-2g,ubc-serverless-qos,northamerica-northeast1,cloud_function,8.765578269958495e-05,2022-04-05T23:52:35.498Z,projects/ubc-serverless-qos/traces/74737f0c5af10c76d9a0d05ad0def7e4,
000000-ba6ad75c-7aae-4435-8c0a-7ffd757de2b6,,,,,,,,o9u8djcahetr,projects/ubc-serverless-qos/logs/cloudfunctions.googleapis.com%2Fcloud-functions,,2022-04-05T23:52:37.799158634Z,,thread-2g,ubc-serverless-qos,northamerica-northeast1,cloud_function,9.174573421478272e-05,2022-04-05T23:52:34.496Z,projects/ubc-serverless-qos/traces/de3ca7a1d5a216cf15a051cc947057bf,
000000-288e327d-89c6-4c78-ba99-25e49c97ac9c,,,,,,,,o9u8obhpyt43,projects/ubc-serverless-qos/logs/cloudfunctions.googleapis.com%2Fcloud-functions,,2022-04-05T23:52:37.799158634Z,,thread-2g,ubc-serverless-qos,northamerica-northeast1,cloud_function,9.690546989440918e-05,2022-04-05T23:52:33.511Z,projects/ubc-serverless-qos/traces/455211ede6bc37c4d25e099aec115c82,
000000-c8cacc1a-de5e-45a9-affc-1ba348f35dff,,,,,,,,o9u8pds3hxji,projects/ubc-serverless-qos/logs/cloudfunctions.googleapis.com%2Fcloud-functions,,2022-04-05T23:52:37.799158634Z,,thread-2g,ubc-serverless-qos,northamerica-northeast1,cloud_function,9.418916702270508e-05,2022-04-05T23:52:32.509Z,projects/ubc-serverless-qos/traces/182c1d9942e2b6c434a4c2a29f55f7df,
000000-cebccddb-0754-4c02-915e-c5b064c6e8b4,,,,,,,,o9u8n72n1xi0,projects/ubc-serverless-qos/logs/cloudfunctions.googleapis.com%2Fcloud-functions,,2022-04-05T23:52:37.799158634Z,,thread-2g,ubc-serverless-qos,northamerica-northeast1,cloud_function,8.743727207183838e-05,2022-04-05T23:52:31.492Z,projects/ubc-serverless-qos/traces/7b958e03ff098a57e783d5bc047521b0,
000000-e391b7df-9c78-45b7-bd2a-76fb141d9791,,,,,,,,o9u8vkrkszu1,projects/ubc-serverless-qos/logs/cloudfunctions.googleapis.com%2Fcloud-functions,,2022-04-05T23:52:37.799158634Z,,thread-2g,ubc-serverless-qos,northamerica-northeast1,cloud_function,9.700000286102296e-05,2022-04-05T23:52:30.507Z,projects/ubc-serverless-qos/traces/acdc1f3fa994035ad22ec90db6a020c3,
000000-83957823-4a63-46e2-839a-2f95c33cc2a0,,,,,,,,o9u8t56q9l26,projects/ubc-serverless-qos/logs/cloudfunctions.googleapis.com%2Fcloud-functions,,2022-04-05T23:52:37.799158634Z,,thread-2g,ubc-serverless-qos,northamerica-northeast1,cloud_function,9.114384651184083e-05,2022-04-05T23:52:29.509Z,projects/ubc-serverless-qos/traces/bcaa800b6f95fbafe40712230fcc0b67,
000000-05414425-8405-4bfe-827a-84d2a31df7d7,,,,,,,,o9u8cwlycqxw,projects/ubc-serverless-qos/logs/cloudfunctions.googleapis.com%2Fcloud-functions,,2022-04-05T23:52:37.799158634Z,,thread-2g,ubc-serverless-qos,northamerica-northeast1,cloud_function,9.13180112838745e-05,2022-04-05T23:52:28.502Z,projects/ubc-serverless-qos/traces/8e7e97ff48f5ef74ef2800e2931f2daf,
000000-130937aa-bd92-4390-be71-80fe30453137,,,,,,,,o9u8dn24gzqk,projects/ubc-serverless-qos/logs/cloudfunctions.googleapis.com%2Fcloud-functions,,2022-04-05T23:52:37.799158634Z,,thread-2g,ubc-serverless-qos,northamerica-northeast1,cloud_function,9.36652421951294e-05,2022-04-05T23:52:27.509Z,projects/ubc-serverless-qos/traces/7ab17984ac566abc2310ffde6e02b1f5,
000000-a7eb4433-bec2-442b-86f2-2001bb29fdec,,,,,,,,o9u8gbt6c7jg,projects/ubc-serverless-qos/logs/cloudfunctions.googleapis.com%2Fcloud-functions,,2022-04-05T23:52:27.818680965Z,,thread-2g,ubc-serverless-qos,northamerica-northeast1,cloud_function,9.704518318176269e-05,2022-04-05T23:52:26.505Z,projects/ubc-serverless-qos/traces/adee45a090dd953f442fe82aaf037632,
000000-3c0e22da-342c-4ba7-bc2d-1b3d25f896fe,,,,,,,,o9u8mwqot9j3,projects/ubc-serverless-qos/logs/cloudfunctions.googleapis.com%2Fcloud-functions,,2022-04-05T23:52:27.818680965Z,,thread-2g,ubc-serverless-qos,northamerica-northeast1,cloud_function,9.159576892852783e-05,2022-04-05T23:52:25.511Z,projects/ubc-serverless-qos/traces/deb1b6d58b88b7cecdce1b95e357410d,
000000-90e8c5b2-c4a7-4a3e-8bf8-51709949bb3f,,,,,,,,o9u8vpupfcb5,projects/ubc-serverless-qos/logs/cloudfunctions.googleapis.com%2Fcloud-functions,,2022-04-05T23:52:27.818680965Z,,thread-2g,ubc-serverless-qos,northamerica-northeast1,cloud_function,9.476339817047119e-05,2022-04-05T23:52:24.506Z,projects/ubc-serverless-qos/traces/8408b89d66bf24fd2cfcff29f569eeaa,
000000-8b3a2a12-7d7c-431a-95bb-3a927468e2df,,,,,,,,o9u8emevfrqf,projects/ubc-serverless-qos/logs/cloudfunctions.googleapis.com%2Fcloud-functions,,2022-04-05T23:52:27.818680965Z,,thread-2g,ubc-serverless-qos,northamerica-northeast1,cloud_function,9.260654449462891e-05,2022-04-05T23:52:23.503Z,projects/ubc-serverless-qos/traces/b08a2036d21f85b48f3dd59c62cb5d88,
000000-3608c712-7cc9-41c2-bc8a-3aab64278207,,,,,,,,o9u8ef6ik4ud,projects/ubc-serverless-qos/logs/cloudfunctions.googleapis.com%2Fcloud-functions,,2022-04-05T23:52:27.818680965Z,,thread-2g,ubc-serverless-qos,northamerica-northeast1,cloud_function,9.100520610809327e-05,2022-04-05T23:52:22.504Z,projects/ubc-serverless-qos/traces/900278cf70115ccd8ebb40a572c9f5a0,
000000-d7520312-a0aa-427d-b6dc-511f3a50f372,,,,,,,,o9u8mzeew769,projects/ubc-serverless-qos/logs/cloudfunctions.googleapis.com%2Fcloud-functions,,2022-04-05T23:52:27.818680965Z,,thread-2g,ubc-serverless-qos,northamerica-northeast1,cloud_function,0.00015860962867736815,2022-04-05T23:52:21.644Z,projects/ubc-serverless-qos/traces/c58e9bcef0f84c1e3d4658d5711b50e1,
000000-7a971ac3-7008-4344-a4a6-e4aad7e76c26,,,,,,,,o9u8d95nrk2v,projects/ubc-serverless-qos/logs/cloudfunctions.googleapis.com%2Fcloud-functions,,2022-04-05T23:52:27.818680965Z,,thread-2g,ubc-serverless-qos,northamerica-northeast1,cloud_function,8.45106840133667e-05,2022-04-05T23:52:20.509Z,projects/ubc-serverless-qos/traces/a5a50db5c303b938b74de0f9dfff1958,
000000-72c13510-4285-4391-b073-9c12207a16ea,,,,,,,,o9u8rnlizmsz,projects/ubc-serverless-qos/logs/cloudfunctions.googleapis.com%2Fcloud-functions,,2022-04-05T23:52:27.818680965Z,,thread-2g,ubc-serverless-qos,northamerica-northeast1,cloud_function,9.0598464012146e-05,2022-04-05T23:52:19.502Z,projects/ubc-serverless-qos/traces/ca541309a352bd532ecd3f3166d9ed14,
000000-9af63b4b-fed9-4ed5-8190-f42fc5aaee63,,,,,,,,o9u8bkc05i0u,projects/ubc-serverless-qos/logs/cloudfunctions.googleapis.com%2Fcloud-functions,,2022-04-05T23:52:27.818680965Z,,thread-2g,ubc-serverless-qos,northamerica-northeast1,cloud_function,9.215569496154785e-05,2022-04-05T23:52:18.513Z,projects/ubc-serverless-qos/traces/57e91eed899e8b5773a22a1e11cd321f,
000000-e7b3c138-466c-4092-9e2a-24e683bf02b6,,,,,,,,o9u8bdf1n70b,projects/ubc-serverless-qos/logs/cloudfunctions.googleapis.com%2Fcloud-functions,,2022-04-05T23:52:27.818680965Z,,thread-2g,ubc-serverless-qos,northamerica-northeast1,cloud_function,9.139716625213624e-05,2022-04-05T23:52:17.506Z,projects/ubc-serverless-qos/traces/66a8703e169924e05400793c1c014574,
000000-312c721e-9aae-4392-bb10-2a00a48efe32,,,,,,,,o9u87nj9oolh,projects/ubc-serverless-qos/logs/cloudfunctions.googleapis.com%2Fcloud-functions,,2022-04-05T23:52:17.254543139Z,,thread-2g,ubc-serverless-qos,northamerica-northeast1,cloud_function,9.354472160339356e-05,2022-04-05T23:52:16.511Z,projects/ubc-serverless-qos/traces/88c5c5341ec42a729d0fcbca2c7c20f3,
000000-8313e2b2-f4e6-43f7-8413-3d7a4758c23d,,,,,,,,o9u8xksz7voa,projects/ubc-serverless-qos/logs/cloudfunctions.googleapis.com%2Fcloud-functions,,2022-04-05T23:52:17.254543139Z,,thread-2g,ubc-serverless-qos,northamerica-northeast1,cloud_function,9.479403495788575e-05,2022-04-05T23:52:15.508Z,projects/ubc-serverless-qos/traces/f245eb1ddb96678602ab1a5bade4c798,
000000-2bccb260-c2a9-4f5f-b40b-83e3219c5ee2,,,,,,,,o9u8eutggoxv,projects/ubc-serverless-qos/logs/cloudfunctions.googleapis.com%2Fcloud-functions,,2022-04-05T23:52:17.254543139Z,,thread-2g,ubc-serverless-qos,northamerica-northeast1,cloud_function,9.542572498321534e-05,2022-04-05T23:52:14.508Z,projects/ubc-serverless-qos/traces/988e8f61ca00e718a2f7933d7b9f78f7,
000000-451b48d2-1d71-42cd-bfcd-16fd6aaa8d05,,,,,,,,o9u8a9dss9d2,projects/ubc-serverless-qos/logs/cloudfunctions.googleapis.com%2Fcloud-functions,,2022-04-05T23:52:17.254543139Z,,thread-2g,ubc-serverless-qos,northamerica-northeast1,cloud_function,9.221601486206054e-05,2022-04-05T23:52:13.511Z,projects/ubc-serverless-qos/traces/551e31bbeb4470dabdc362576748e8a4,
000000-a115004f-8433-4036-bb12-75960859018a,,,,,,,,o9u85xrgjy2z,projects/ubc-serverless-qos/logs/cloudfunctions.googleapis.com%2Fcloud-functions,,2022-04-05T23:52:17.254543139Z,,thread-2g,ubc-serverless-qos,northamerica-northeast1,cloud_function,9.539854526519775e-05,2022-04-05T23:52:12.500Z,projects/ubc-serverless-qos/traces/111ca1ff0ac1f13f62d224a27be0d58e,
000000-d1331710-e247-4402-8bbb-f49c16c47dff,,,,,,,,o9u8s18xtu0t,projects/ubc-serverless-qos/logs/cloudfunctions.googleapis.com%2Fcloud-functions,,2022-04-05T23:52:17.254543139Z,,thread-2g,ubc-serverless-qos,northamerica-northeast1,cloud_function,9.512007236480712e-05,2022-04-05T23:52:11.504Z,projects/ubc-serverless-qos/traces/d6e6c38afbeccf6330ab4777b047e94f,
000000-f47dc196-0759-45e5-803d-d347b42c942a,,,,,,,,o9u86z84toe4,projects/ubc-serverless-qos/logs/cloudfunctions.googleapis.com%2Fcloud-functions,,2022-04-05T23:52:17.254543139Z,,thread-2g,ubc-serverless-qos,northamerica-northeast1,cloud_function,9.42915678024292e-05,2022-04-05T23:52:10.516Z,projects/ubc-serverless-qos/traces/dfbc83021d2132a929f0517972cf4844,
000000-f2437806-3336-477c-ad18-252badbf9abd,,,,,,,,o9u8pplmjfgf,projects/ubc-serverless-qos/logs/cloudfunctions.googleapis.com%2Fcloud-functions,,2022-04-05T23:52:17.254543139Z,,thread-2g,ubc-serverless-qos,northamerica-northeast1,cloud_function,8.7113618850708e-05,2022-04-05T23:52:09.531Z,projects/ubc-serverless-qos/traces/adc2c3a638b3830972c47b122bacba7f,
000000-595c4f75-7ebb-40de-8896-9024dc71a63f,,,,,,,,o9u8woixia1p,projects/ubc-serverless-qos/logs/cloudfunctions.googleapis.com%2Fcloud-functions,,2022-04-05T23:52:17.254543139Z,,thread-2g,ubc-serverless-qos,northamerica-northeast1,cloud_function,8.990824222564698e-05,2022-04-05T23:52:08.538Z,projects/ubc-serverless-qos/traces/df81dbc4a8a27d7ff788a949b4d71850,
000000-995370bc-dcb5-41ce-97b5-8f7f4b057a60,,,,,,,,o9u89go8jhzr,projects/ubc-serverless-qos/logs/cloudfunctions.googleapis.com%2Fcloud-functions,,2022-04-05T23:52:17.254543139Z,,thread-2g,ubc-serverless-qos,northamerica-northeast1,cloud_function,9.104013442993165e-05,2022-04-05T23:52:07.543Z,projects/ubc-serverless-qos/traces/ad0bc16d0c7d945c55324f4dcbcd62ed,
000000-fa99559f-4e62-40c9-bdf0-3c42876044f6,,,,,,,,o9u8xberlgjg,projects/ubc-serverless-qos/logs/cloudfunctions.googleapis.com%2Fcloud-functions,,2022-04-05T23:52:17.254543139Z,,thread-2g,ubc-serverless-qos,northamerica-northeast1,cloud_function,0.00016138315200805664,2022-04-05T23:52:06.740Z,projects/ubc-serverless-qos/traces/9d15327afb7567e98dcb6152a1b8afa9,
000000-9bc5eb22-01b8-4d93-96ef-ec3a445eea1a,,,,,,,,nt5iiwpsl7p0,projects/ubc-serverless-qos/logs/cloudfunctions.googleapis.com%2Fcloud-functions,,2022-04-05T23:52:16.792527995Z,,thread-2g,ubc-serverless-qos,northamerica-northeast1,cloud_function,0.00011080336570739746,2022-04-05T23:52:06.634Z,projects/ubc-serverless-qos/traces/a9c822b9cfea8105da42486f1e6dcb54,
000000-e59df30b-e98f-41d3-8245-446a5441b361,,,,,,,,o9u8u39axg0e,projects/ubc-serverless-qos/logs/cloudfunctions.googleapis.com%2Fcloud-functions,,2022-04-05T23:52:07.224453903Z,,thread-2g,ubc-serverless-qos,northamerica-northeast1,cloud_function,0.00023966610431671142,2022-04-05T23:52:05.890Z,projects/ubc-serverless-qos/traces/138d0ca7a585ee19aee699f39c334970,
000000-8fe86dd9-9b85-4afe-919f-30f8dedee3b0,,,,,,,,o9u8v3p9rqty,projects/ubc-serverless-qos/logs/cloudfunctions.googleapis.com%2Fcloud-functions,,2022-04-05T23:52:07.224453903Z,,thread-2g,ubc-serverless-qos,northamerica-northeast1,cloud_function,0.00016182076930999756,2022-04-05T23:52:04.886Z,projects/ubc-serverless-qos/traces/db9f8494ae0eecebb894a4aef114711c,
000000-b1d879f1-f38e-44b3-95f7-9226ffebe863,,,,,,,,o9u8jvcxq30x,projects/ubc-serverless-qos/logs/cloudfunctions.googleapis.com%2Fcloud-functions,,2022-04-05T23:52:07.224453903Z,,thread-2g,ubc-serverless-qos,northamerica-northeast1,cloud_function,8.766043186187745e-05,2022-04-05T23:52:02.496Z,projects/ubc-serverless-qos/traces/2b6b632cdc5c0cd9f59719cda98864bb,
000000-c4cd4f3a-3216-4fd6-94fb-3fa94a610b26,,,,,,,,o9u801fmpor2,projects/ubc-serverless-qos/logs/cloudfunctions.googleapis.com%2Fcloud-functions,,2022-04-05T23:52:07.224453903Z,,thread-2g,ubc-serverless-qos,northamerica-northeast1,cloud_function,8.909249305725097e-05,2022-04-05T23:52:01.487Z,projects/ubc-serverless-qos/traces/3d44bb8fbc6cc09e33f7e0ebcf5f827f,
000000-de328fcb-6787-4640-902f-f7483fe7935e,,,,,,,,o9u8iu4egqgi,projects/ubc-serverless-qos/logs/cloudfunctions.googleapis.com%2Fcloud-functions,,2022-04-05T23:52:07.224453903Z,,thread-2g,ubc-serverless-qos,northamerica-northeast1,cloud_function,8.9546799659729e-05,2022-04-05T23:52:00.495Z,projects/ubc-serverless-qos/traces/87bf088c737ae3c70fdaee0b6671cdc8,
000000-cf4a316d-4923-4fba-a208-239975d1e756,,,,,,,,o9u846tna4yg,projects/ubc-serverless-qos/logs/cloudfunctions.googleapis.com%2Fcloud-functions,,2022-04-05T23:52:07.224453903Z,,thread-2g,ubc-serverless-qos,northamerica-northeast1,cloud_function,8.328044414520263e-05,2022-04-05T23:51:59.501Z,projects/ubc-serverless-qos/traces/ee4d6fd901a44d8e53b845be5d8a01d7,
000000-8a66538a-7212-46d8-a14a-76da8e8588a0,,,,,,,,o9u82sam8fi7,projects/ubc-serverless-qos/logs/cloudfunctions.googleapis.com%2Fcloud-functions,,2022-04-05T23:52:07.224453903Z,,thread-2g,ubc-serverless-qos,northamerica-northeast1,cloud_function,8.732151985168457e-05,2022-04-05T23:51:58.493Z,projects/ubc-serverless-qos/traces/9d37f09b5a745623f62fbf5bee39c3af,
000000-4ac4c157-a7df-4315-b875-fe16280663e7,,,,,,,,o9u8afibiw5x,projects/ubc-serverless-qos/logs/cloudfunctions.googleapis.com%2Fcloud-functions,,2022-04-05T23:52:07.224453903Z,,thread-2g,ubc-serverless-qos,northamerica-northeast1,cloud_function,9.025776386260986e-05,2022-04-05T23:51:57.503Z,projects/ubc-serverless-qos/traces/c3a7750da53f50d33f24ad1dfdf8a4cf,
000000-0fe940a8-268f-4e34-9a6c-e76aeca13b27,,,,,,,,o9u8ghwdvwem,projects/ubc-serverless-qos/logs/cloudfunctions.googleapis.com%2Fcloud-functions,,2022-04-05T23:52:07.224453903Z,,thread-2g,ubc-serverless-qos,northamerica-northeast1,cloud_function,9.177553653717041e-05,2022-04-05T23:51:56.510Z,projects/ubc-serverless-qos/traces/41156228e9fffcdc795915edef8f71e4,
000000-b2374216-4657-473d-8413-85292e9d19ba,,,,,,,,o9u8k9nt971h,projects/ubc-serverless-qos/logs/cloudfunctions.googleapis.com%2Fcloud-functions,,2022-04-05T23:51:57.213868931Z,,thread-2g,ubc-serverless-qos,northamerica-northeast1,cloud_function,9.100937843322754e-05,2022-04-05T23:51:55.503Z,projects/ubc-serverless-qos/traces/257e08e8e1ccf7a8518c90e333bc52c7,
000000-092875cc-1e67-4d91-a642-e3f7af976e70,,,,,,,,o9u8n5t6o8bh,projects/ubc-serverless-qos/logs/cloudfunctions.googleapis.com%2Fcloud-functions,,2022-04-05T23:51:57.213868931Z,,thread-2g,ubc-serverless-qos,northamerica-northeast1,cloud_function,8.724260330200196e-05,2022-04-05T23:51:54.494Z,projects/ubc-serverless-qos/traces/80f59c2721006e8d60e8eccc9a990938,
000000-d0f0fa53-36ee-4794-ba0f-8c5eeb91a16f,,,,,,,,o9u8d2jc0ts9,projects/ubc-serverless-qos/logs/cloudfunctions.googleapis.com%2Fcloud-functions,,2022-04-05T23:51:57.213868931Z,,thread-2g,ubc-serverless-qos,northamerica-northeast1,cloud_function,8.789563179016113e-05,2022-04-05T23:51:53.500Z,projects/ubc-serverless-qos/traces/830d49f0d0d5ad5c4844a1bf890832b6,
000000-992a6e54-769d-4c11-80f6-6938e9aff6d9,,,,,,,,o9u87yo35n77,projects/ubc-serverless-qos/logs/cloudfunctions.googleapis.com%2Fcloud-functions,,2022-04-05T23:51:57.213868931Z,,thread-2g,ubc-serverless-qos,northamerica-northeast1,cloud_function,9.378945827484131e-05,2022-04-05T23:51:52.505Z,projects/ubc-serverless-qos/traces/76684205e84abd8370d378fc83d62a54,
000000-841455cb-4082-46f4-bbb0-eb4f4497d0fa,,,,,,,,o9u8hi31tf6w,projects/ubc-serverless-qos/logs/cloudfunctions.googleapis.com%2Fcloud-functions,,2022-04-05T23:51:57.213868931Z,,thread-2g,ubc-serverless-qos,northamerica-northeast1,cloud_function,8.335328102111816e-05,2022-04-05T23:51:51.513Z,projects/ubc-serverless-qos/traces/60c348afafd45567f7ccb03c379a19ac,
000000-d43774c9-aed9-40b3-83d8-258b632a78e6,,,,,,,,o9u8n7j1xygy,projects/ubc-serverless-qos/logs/cloudfunctions.googleapis.com%2Fcloud-functions,,2022-04-05T23:51:57.213868931Z,,thread-2g,ubc-serverless-qos,northamerica-northeast1,cloud_function,9.664034843444824e-05,2022-04-05T23:51:50.509Z,projects/ubc-serverless-qos/traces/3ee5bff4aaa43808c11e7cf2c366424d,
000000-701f3833-7efd-4da9-956b-649569cf93e3,,,,,,,,o9u8smnufumt,projects/ubc-serverless-qos/logs/cloudfunctions.googleapis.com%2Fcloud-functions,,2022-04-05T23:51:57.213868931Z,,thread-2g,ubc-serverless-qos,northamerica-northeast1,cloud_function,8.587682247161865e-05,2022-04-05T23:51:49.486Z,projects/ubc-serverless-qos/traces/7c9280a0c4cab6bf9b5c1651d42dd3f2,
000000-a50ffcac-77bc-4095-a0b6-9c45109ac53b,,,,,,,,o9u8zkuomima,projects/ubc-serverless-qos/logs/cloudfunctions.googleapis.com%2Fcloud-functions,,2022-04-05T23:51:57.213868931Z,,thread-2g,ubc-serverless-qos,northamerica-northeast1,cloud_function,9.109973907470704e-05,2022-04-05T23:51:48.499Z,projects/ubc-serverless-qos/traces/eb1975d7cd6c4e9fb337e6dc23353b6c,
000000-9ca548d2-3291-4d55-aa54-51fce8014a9e,,,,,,,,o9u8ixj684cy,projects/ubc-serverless-qos/logs/cloudfunctions.googleapis.com%2Fcloud-functions,,2022-04-05T23:51:57.213868931Z,,thread-2g,ubc-serverless-qos,northamerica-northeast1,cloud_function,9.143519401550293e-05,2022-04-05T23:51:47.494Z,projects/ubc-serverless-qos/traces/fffd52f638335f396469228d8639024f,
000000-2a768d70-214f-4372-a8b1-9a6733550bfb,,,,,,,,o9u831by9aby,projects/ubc-serverless-qos/logs/cloudfunctions.googleapis.com%2Fcloud-functions,,2022-04-05T23:51:57.213868931Z,,thread-2g,ubc-serverless-qos,northamerica-northeast1,cloud_function,9.374010562896729e-05,2022-04-05T23:51:46.496Z,projects/ubc-serverless-qos/traces/a98f00de6959858e364fd02ed9fc99a7,
000000-2ea580c8-7e9a-4f0b-8aee-7dcd38e954f5,,,,,,,,o9u8j40546u0,projects/ubc-serverless-qos/logs/cloudfunctions.googleapis.com%2Fcloud-functions,,2022-04-05T23:51:46.887975748Z,,thread-2g,ubc-serverless-qos,northamerica-northeast1,cloud_function,9.167206287384033e-05,2022-04-05T23:51:45.501Z,projects/ubc-serverless-qos/traces/1a189a5e9a75c85be83edd6b2c0063c2,
000000-af9a1782-e5d3-4a96-b8fd-8b0ae7619ff3,,,,,,,,o9u8cn2u5xjm,projects/ubc-serverless-qos/logs/cloudfunctions.googleapis.com%2Fcloud-functions,,2022-04-05T23:51:46.887975748Z,,thread-2g,ubc-serverless-qos,northamerica-northeast1,cloud_function,8.715021610260009e-05,2022-04-05T23:51:44.497Z,projects/ubc-serverless-qos/traces/7290a7a1ea4a612766cc806f126c4b48,
000000-5699c36f-95f9-4d57-91e6-39956209f3a8,,,,,,,,o9u8ty67or8u,projects/ubc-serverless-qos/logs/cloudfunctions.googleapis.com%2Fcloud-functions,,2022-04-05T23:51:46.887975748Z,,thread-2g,ubc-serverless-qos,northamerica-northeast1,cloud_function,8.913838863372802e-05,2022-04-05T23:51:43.494Z,projects/ubc-serverless-qos/traces/b62e5ea91ab85f0477121d90888337b2,
000000-9c9c53b6-c4c6-4a66-abce-263edfd5d8f5,,,,,,,,o9u83w3vqqwg,projects/ubc-serverless-qos/logs/cloudfunctions.googleapis.com%2Fcloud-functions,,2022-04-05T23:51:46.887975748Z,,thread-2g,ubc-serverless-qos,northamerica-northeast1,cloud_function,8.875215053558349e-05,2022-04-05T23:51:42.497Z,projects/ubc-serverless-qos/traces/237908c216163b94c69733fa1784c2b7,
000000-296f1eb6-4dca-44a8-8807-6a8656fd4c86,,,,,,,,o9u8x7m1tx6j,projects/ubc-serverless-qos/logs/cloudfunctions.googleapis.com%2Fcloud-functions,,2022-04-05T23:51:46.887975748Z,,thread-2g,ubc-serverless-qos,northamerica-northeast1,cloud_function,9.118354320526123e-05,2022-04-05T23:51:41.499Z,projects/ubc-serverless-qos/traces/dd04f21556814fde49189da85a2b1ac1,
000000-5b0ccf4d-5c8f-4737-a41b-b19339c39048,,,,,,,,o9u84fvsihp6,projects/ubc-serverless-qos/logs/cloudfunctions.googleapis.com%2Fcloud-functions,,2022-04-05T23:51:46.887975748Z,,thread-2g,ubc-serverless-qos,northamerica-northeast1,cloud_function,9.337782859802245e-05,2022-04-05T23:51:40.503Z,projects/ubc-serverless-qos/traces/f44eb889512effd4a1da94644c663321,
000000-c7949c0d-950f-4ae6-aec9-e89b4858e56e,,,,,,,,o9u8fen8fwy7,projects/ubc-serverless-qos/logs/cloudfunctions.googleapis.com%2Fcloud-functions,,2022-04-05T23:51:46.887975748Z,,thread-2g,ubc-serverless-qos,northamerica-northeast1,cloud_function,9.349346160888672e-05,2022-04-05T23:51:39.495Z,projects/ubc-serverless-qos/traces/be490588f4ba86e799a0fd9010b7b02e,
000000-e5eb57ba-1480-4c4b-8f10-7b410d7bcdd4,,,,,,,,o9u8p0i157k8,projects/ubc-serverless-qos/logs/cloudfunctions.googleapis.com%2Fcloud-functions,,2022-04-05T23:51:46.887975748Z,,thread-2g,ubc-serverless-qos,northamerica-northeast1,cloud_function,9.30776596069336e-05,2022-04-05T23:51:38.496Z,projects/ubc-serverless-qos/traces/edf3a8d6ccc0012939f38784f819377d,
000000-adb8f58c-720e-4301-be56-9998eaa0ed97,,,,,,,,o9u8u3y6pfky,projects/ubc-serverless-qos/logs/cloudfunctions.googleapis.com%2Fcloud-functions,,2022-04-05T23:51:46.887975748Z,,thread-2g,ubc-serverless-qos,northamerica-northeast1,cloud_function,8.931005001068115e-05,2022-04-05T23:51:37.500Z,projects/ubc-serverless-qos/traces/6c435de9c6f6c613a3d8fa600c15e259,
000000-528a09b3-a5ad-4039-9c5a-b56bf09b5204,,,,,,,,o9u8kgvg3m9s,projects/ubc-serverless-qos/logs/cloudfunctions.googleapis.com%2Fcloud-functions,,2022-04-05T23:51:46.887975748Z,,thread-2g,ubc-serverless-qos,northamerica-northeast1,cloud_function,9.320807456970214e-05,2022-04-05T23:51:36.506Z,projects/ubc-serverless-qos/traces/d61fad42b0ed88e9431847081c8d0a02,
000000-fe97ee1f-4081-4e42-a261-fb7bcf2c6eae,,,,,,,,o9u88t3gh3q9,projects/ubc-serverless-qos/logs/cloudfunctions.googleapis.com%2Fcloud-functions,,2022-04-05T23:51:36.368660940Z,,thread-2g,ubc-serverless-qos,northamerica-northeast1,cloud_function,9.26363468170166e-05,2022-04-05T23:51:35.501Z,projects/ubc-serverless-qos/traces/516a393d72c48a5d11f9558221fc8d0a,
000000-64c8531f-37cc-400d-9dad-2f8c9e514da7,,,,,,,,o9u8zkzgvd3o,projects/ubc-serverless-qos/logs/cloudfunctions.googleapis.com%2Fcloud-functions,,2022-04-05T23:51:36.368660940Z,,thread-2g,ubc-serverless-qos,northamerica-northeast1,cloud_function,8.924508094787598e-05,2022-04-05T23:51:34.505Z,projects/ubc-serverless-qos/traces/92de95b9654d1fe66b648b21fa54395d,
000000-8254f39e-0789-4a40-9f24-dd9bd4d93402,,,,,,,,o9u8bx6r4k0f,projects/ubc-serverless-qos/logs/cloudfunctions.googleapis.com%2Fcloud-functions,,2022-04-05T23:51:36.368660940Z,,thread-2g,ubc-serverless-qos,northamerica-northeast1,cloud_function,8.749496936798096e-05,2022-04-05T23:51:33.497Z,projects/ubc-serverless-qos/traces/c2884c05d8a6b2e34358e584e3312b22,
000000-a02625eb-9bcd-4a91-987b-d16d2a2a646b,,,,,,,,o9u8fhgmyetz,projects/ubc-serverless-qos/logs/cloudfunctions.googleapis.com%2Fcloud-functions,,2022-04-05T23:51:36.368660940Z,,thread-2g,ubc-serverless-qos,northamerica-northeast1,cloud_function,9.499573707580566e-05,2022-04-05T23:51:32.508Z,projects/ubc-serverless-qos/traces/de17b19b588dc35090783316f7e6e49d,
000000-add9d154-9a78-46f8-afde-40cf38447eb3,,,,,,,,o9u8n6an9ovw,projects/ubc-serverless-qos/logs/cloudfunctions.googleapis.com%2Fcloud-functions,,2022-04-05T23:51:36.368660940Z,,thread-2g,ubc-serverless-qos,northamerica-northeast1,cloud_function,9.638118743896485e-05,2022-04-05T23:51:31.507Z,projects/ubc-serverless-qos/traces/1449aec4b1f7b624f0f464102c6ecebe,
000000-77e29fbe-c73c-441d-983c-290041de5eab,,,,,,,,o9u8f223l8jb,projects/ubc-serverless-qos/logs/cloudfunctions.googleapis.com%2Fcloud-functions,,2022-04-05T23:51:36.368660940Z,,thread-2g,ubc-serverless-qos,northamerica-northeast1,cloud_function,9.01477336883545e-05,2022-04-05T23:51:30.496Z,projects/ubc-serverless-qos/traces/678e13e593045a4424f08f598f8ae710,
000000-c8d37e03-3e1c-4e44-9388-4f01b96ee6e8,,,,,,,,o9u85vd1ouwd,projects/ubc-serverless-qos/logs/cloudfunctions.googleapis.com%2Fcloud-functions,,2022-04-05T23:51:36.368660940Z,,thread-2g,ubc-serverless-qos,northamerica-northeast1,cloud_function,9.331691265106201e-05,2022-04-05T23:51:29.508Z,projects/ubc-serverless-qos/traces/55ed184abece53315ad484c28c2127e1,
000000-1bc5e7dc-8c00-46f9-b959-d4b771bfd05e,,,,,,,,o9u8ruvj4czr,projects/ubc-serverless-qos/logs/cloudfunctions.googleapis.com%2Fcloud-functions,,2022-04-05T23:51:36.368660940Z,,thread-2g,ubc-serverless-qos,northamerica-northeast1,cloud_function,9.214472770690918e-05,2022-04-05T23:51:28.505Z,projects/ubc-serverless-qos/traces/952173181d15771b430bf1f8d71dc8a9,
000000-359c9ddf-1025-4667-8e24-e9b92320e31e,,,,,,,,o9u8m0vp12xy,projects/ubc-serverless-qos/logs/cloudfunctions.googleapis.com%2Fcloud-functions,,2022-04-05T23:51:36.368660940Z,,thread-2g,ubc-serverless-qos,northamerica-northeast1,cloud_function,9.329366683959961e-05,2022-04-05T23:51:27.499Z,projects/ubc-serverless-qos/traces/dab3ab93a2e4b0b67b12f793f6480f0d,
000000-b1050ff3-00d3-492e-8e7a-20d123ec1946,,,,,,,,o9u8kjorjt4l,projects/ubc-serverless-qos/logs/cloudfunctions.googleapis.com%2Fcloud-functions,,2022-04-05T23:51:36.368660940Z,,thread-2g,ubc-serverless-qos,northamerica-northeast1,cloud_function,9.155666828155518e-05,2022-04-05T23:51:26.503Z,projects/ubc-serverless-qos/traces/1b99b9a572fc8a0e3b505a61f97c1b5b,
000000-8ca30307-435a-4b84-9fa7-043ec1108aec,,,,,,,,o9u85c0ua24s,projects/ubc-serverless-qos/logs/cloudfunctions.googleapis.com%2Fcloud-functions,,2022-04-05T23:51:36.368660940Z,,thread-2g,ubc-serverless-qos,northamerica-northeast1,cloud_function,9.064078330993653e-05,2022-04-05T23:51:25.508Z,projects/ubc-serverless-qos/traces/d2948133ad79cad5790850127e2ebe14,
000000-deea9c01-5b31-4d67-8265-891af9eab81d,,,,,,,,o9u83avivy2t,projects/ubc-serverless-qos/logs/cloudfunctions.googleapis.com%2Fcloud-functions,,2022-04-05T23:51:25.847632742Z,,thread-2g,ubc-serverless-qos,northamerica-northeast1,cloud_function,9.270834922790527e-05,2022-04-05T23:51:24.504Z,projects/ubc-serverless-qos/traces/144681c42beeeb8b7d96c5dee50d4d14,
000000-81c63e8a-a2db-42a0-88c0-7e232806f4c8,,,,,,,,o9u8yw0d0h5n,projects/ubc-serverless-qos/logs/cloudfunctions.googleapis.com%2Fcloud-functions,,2022-04-05T23:51:25.847632742Z,,thread-2g,ubc-serverless-qos,northamerica-northeast1,cloud_function,9.307193756103516e-05,2022-04-05T23:51:23.520Z,projects/ubc-serverless-qos/traces/0445305ce8a374682aabd9df34e10307,
000000-9a66a805-b059-49a7-adb0-8984cb0c5738,,,,,,,,o9u8vklxzumm,projects/ubc-serverless-qos/logs/cloudfunctions.googleapis.com%2Fcloud-functions,,2022-04-05T23:51:25.847632742Z,,thread-2g,ubc-serverless-qos,northamerica-northeast1,cloud_function,8.074748516082764e-05,2022-04-05T23:51:22.501Z,projects/ubc-serverless-qos/traces/04746f4ae945d3561e5440a732d03146,
000000-a6aa0e3b-6a89-4fe3-a4df-385000ab178b,,,,,,,,o9u8a71if3vt,projects/ubc-serverless-qos/logs/cloudfunctions.googleapis.com%2Fcloud-functions,,2022-04-05T23:51:25.847632742Z,,thread-2g,ubc-serverless-qos,northamerica-northeast1,cloud_function,8.813571929931641e-05,2022-04-05T23:51:21.510Z,projects/ubc-serverless-qos/traces/bc22cd73093d2215644c1948d189b3f7,
000000-d76dfcac-f4c5-466f-af28-873251932255,,,,,,,,o9u8h0atxg39,projects/ubc-serverless-qos/logs/cloudfunctions.googleapis.com%2Fcloud-functions,,2022-04-05T23:51:25.847632742Z,,thread-2g,ubc-serverless-qos,northamerica-northeast1,cloud_function,9.566175937652588e-05,2022-04-05T23:51:20.527Z,projects/ubc-serverless-qos/traces/b36da20865b47ccda7e76b075930a860,
000000-6b15af94-d67c-4440-89fe-fe3cab19bb6f,,,,,,,,o9u8bk1m70t8,projects/ubc-serverless-qos/logs/cloudfunctions.googleapis.com%2Fcloud-functions,,2022-04-05T23:51:25.847632742Z,,thread-2g,ubc-serverless-qos,northamerica-northeast1,cloud_function,9.553468227386475e-05,2022-04-05T23:51:19.522Z,projects/ubc-serverless-qos/traces/523ddfae4a22c2f5a08c91c92883b77f,
000000-cae78c06-77bb-4aef-9cb9-b3c26895f923,,,,,,,,o9u8nnf1zv7n,projects/ubc-serverless-qos/logs/cloudfunctions.googleapis.com%2Fcloud-functions,,2022-04-05T23:51:25.847632742Z,,thread-2g,ubc-serverless-qos,northamerica-northeast1,cloud_function,9.158694744110108e-05,2022-04-05T23:51:18.534Z,projects/ubc-serverless-qos/traces/3647ae3664377b18780d25c572cbfbe2,
000000-9eaac903-8dfb-40d7-878e-e2a77c80b54d,,,,,,,,o9u8nzr5zsgo,projects/ubc-serverless-qos/logs/cloudfunctions.googleapis.com%2Fcloud-functions,,2022-04-05T23:51:25.847632742Z,,thread-2g,ubc-serverless-qos,northamerica-northeast1,cloud_function,9.559547901153565e-05,2022-04-05T23:51:17.514Z,projects/ubc-serverless-qos/traces/5e3375a68a217e9c42e20e8a663d2bfb,
000000-9fb63e0a-e900-4e1d-a140-6b14bcc95d60,,,,,,,,o9u84ecvft84,projects/ubc-serverless-qos/logs/cloudfunctions.googleapis.com%2Fcloud-functions,,2022-04-05T23:51:25.847632742Z,,thread-2g,ubc-serverless-qos,northamerica-northeast1,cloud_function,8.872640132904053e-05,2022-04-05T23:51:16.507Z,projects/ubc-serverless-qos/traces/a875a90449041dc38a3fe82c1320f942,
000000-baaf3b48-4e13-4829-847b-1b873068eddf,,,,,,,,o9u8irebs42l,projects/ubc-serverless-qos/logs/cloudfunctions.googleapis.com%2Fcloud-functions,,2022-04-05T23:51:25.847632742Z,,thread-2g,ubc-serverless-qos,northamerica-northeast1,cloud_function,8.628547191619874e-05,2022-04-05T23:51:15.518Z,projects/ubc-serverless-qos/traces/8e09b7642bc62f13735b22e360b7613d,
000000-4905d051-92be-41fe-8e38-14b7274c69fe,,,,,,,,nt5ixuj9yopa,projects/ubc-serverless-qos/logs/cloudfunctions.googleapis.com%2Fcloud-functions,,2022-04-05T23:51:22.423153386Z,,thread-2g,ubc-serverless-qos,northamerica-northeast1,cloud_function,9.452879428863526e-05,2022-04-05T23:51:14.524Z,projects/ubc-serverless-qos/traces/65a346ea7b51b9ca5ef75f3c2410aec1,
000000-00cd0d8f-b63d-4b9e-8423-76be23f44c5b,,,,,,,,nt5ilk6jap62,projects/ubc-serverless-qos/logs/cloudfunctions.googleapis.com%2Fcloud-functions,,2022-04-05T23:51:22.423153386Z,,thread-2g,ubc-serverless-qos,northamerica-northeast1,cloud_function,9.785139560699463e-05,2022-04-05T23:51:13.534Z,projects/ubc-serverless-qos/traces/8c7a0c7e7cfb0f7d83d341046329338c,
000000-6c64a7b3-4d2a-4fe7-a3a6-2b850ae145cf,,,,,,,,nt5iuhupo1wz,projects/ubc-serverless-qos/logs/cloudfunctions.googleapis.com%2Fcloud-functions,,2022-04-05T23:51:22.423153386Z,,thread-2g,ubc-serverless-qos,northamerica-northeast1,cloud_function,8.871853351593018e-05,2022-04-05T23:51:11.944Z,projects/ubc-serverless-qos/traces/e6e8cbac4a34b0e6bb2330843d140dea,
000000-2330c652-d23c-483c-abbf-371b24caf204,,,,,,,,o9u8gjon5unn,projects/ubc-serverless-qos/logs/cloudfunctions.googleapis.com%2Fcloud-functions,,2022-04-05T23:49:30.868684325Z,,thread-2g,ubc-serverless-qos,northamerica-northeast1,cloud_function,8.90355110168457e-05,2022-04-05T23:49:22.493Z,projects/ubc-serverless-qos/traces/b653b4bd030070e9de5ce839149b7cfa,
000000-ba5377e1-abbc-41c4-b6e4-4c00b9c3a77d,,,,,,,,o9u8qgw3xjrm,projects/ubc-serverless-qos/logs/cloudfunctions.googleapis.com%2Fcloud-functions,,2022-04-05T23:49:30.868684325Z,,thread-2g,ubc-serverless-qos,northamerica-northeast1,cloud_function,8.652937412261963e-05,2022-04-05T23:49:21.486Z,projects/ubc-serverless-qos/traces/4143006428fcf2d28d09e98a020eae1b,
000000-b039848a-b3fc-4367-9a21-b40df3360b6f,,,,,,,,o9u898eu68y3,projects/ubc-serverless-qos/logs/cloudfunctions.googleapis.com%2Fcloud-functions,,2022-04-05T23:49:30.868684325Z,,thread-2g,ubc-serverless-qos,northamerica-northeast1,cloud_function,8.70593786239624e-05,2022-04-05T23:49:20.496Z,projects/ubc-serverless-qos/traces/ea2a0bdb4da9d1255ec0b3ca95e8760d,
000000-7036d005-54ce-4a39-b51b-0c286884196b,,,,,,,,o9u8lqd8plpa,projects/ubc-serverless-qos/logs/cloudfunctions.googleapis.com%2Fcloud-functions,,2022-04-05T23:49:21.425764740Z,,thread-2g,ubc-serverless-qos,northamerica-northeast1,cloud_function,8.777546882629394e-05,2022-04-05T23:49:19.494Z,projects/ubc-serverless-qos/traces/43332cb8491a9708ea28265df64cbbe7,
000000-e5a7d117-2e4f-4604-a65b-a654f7d0ccb1,,,,,,,,o9u8tpttdl9d,projects/ubc-serverless-qos/logs/cloudfunctions.googleapis.com%2Fcloud-functions,,2022-04-05T23:49:21.425764740Z,,thread-2g,ubc-serverless-qos,northamerica-northeast1,cloud_function,9.536516666412353e-05,2022-04-05T23:49:18.514Z,projects/ubc-serverless-qos/traces/3aee82367b7cd8bb83464ebb6814cef2,
000000-faec3e1d-c9f8-4626-8cf0-3c77b706d51d,,,,,,,,o9u8qetbcjla,projects/ubc-serverless-qos/logs/cloudfunctions.googleapis.com%2Fcloud-functions,,2022-04-05T23:49:21.425764740Z,,thread-2g,ubc-serverless-qos,northamerica-northeast1,cloud_function,9.649348258972168e-05,2022-04-05T23:49:17.522Z,projects/ubc-serverless-qos/traces/2d18554f1d2062164b87bdac8475ac14,
000000-6257848b-140a-483f-a4e8-1a75ef437a3f,,,,,,,,o9u8cxvlpwqf,projects/ubc-serverless-qos/logs/cloudfunctions.googleapis.com%2Fcloud-functions,,2022-04-05T23:49:20.423978921Z,,thread-2g,ubc-serverless-qos,northamerica-northeast1,cloud_function,8.99360179901123e-05,2022-04-05T23:49:16.499Z,projects/ubc-serverless-qos/traces/3186233c15830f1e17d1446ad4054c61,
000000-cddb4535-133f-422a-9528-942ffcaa5ae8,,,,,,,,o9u8adjro7j9,projects/ubc-serverless-qos/logs/cloudfunctions.googleapis.com%2Fcloud-functions,,2022-04-05T23:49:20.423978921Z,,thread-2g,ubc-serverless-qos,northamerica-northeast1,cloud_function,9.114897251129151e-05,2022-04-05T23:49:15.499Z,projects/ubc-serverless-qos/traces/bd2a362e821831db56c035c60c453987,
000000-078388f7-b3d8-457b-a0dc-c157c9151be0,,,,,,,,o9u806cz9qdp,projects/ubc-serverless-qos/logs/cloudfunctions.googleapis.com%2Fcloud-functions,,2022-04-05T23:49:20.423978921Z,,thread-2g,ubc-serverless-qos,northamerica-northeast1,cloud_function,9.71137285232544e-05,2022-04-05T23:49:14.515Z,projects/ubc-serverless-qos/traces/f73dea8cf6c3a338a386ee98ebd221ff,
000000-bd55be81-dc7a-4949-91aa-919ed6d2cf8d,,,,,,,,o9u899yv03jh,projects/ubc-serverless-qos/logs/cloudfunctions.googleapis.com%2Fcloud-functions,,2022-04-05T23:49:20.423978921Z,,thread-2g,ubc-serverless-qos,northamerica-northeast1,cloud_function,9.230530261993408e-05,2022-04-05T23:49:13.504Z,projects/ubc-serverless-qos/traces/54c4541a0806341e49ab6f1dd55da105,
000000-26622cb0-1fb1-46b8-830f-32af7d5445fc,,,,,,,,o9u8zqq23eyj,projects/ubc-serverless-qos/logs/cloudfunctions.googleapis.com%2Fcloud-functions,,2022-04-05T23:49:21.425764740Z,,thread-2g,ubc-serverless-qos,northamerica-northeast1,cloud_function,9.434020519256592e-05,2022-04-05T23:49:12.508Z,projects/ubc-serverless-qos/traces/5a2c37fccf3e13cf81c099071fa599e6,
000000-12850b36-6a3d-4c5e-bfc5-73491436d370,,,,,,,,o9u8tike9nwo,projects/ubc-serverless-qos/logs/cloudfunctions.googleapis.com%2Fcloud-functions,,2022-04-05T23:49:20.423978921Z,,thread-2g,ubc-serverless-qos,northamerica-northeast1,cloud_function,9.660196304321289e-05,2022-04-05T23:49:11.508Z,projects/ubc-serverless-qos/traces/08588ca7b4f3b103067a083769fcd2b4,
000000-8d0e5d11-b843-4eee-903e-7947622f499a,,,,,,,,o9u81tt9lk0j,projects/ubc-serverless-qos/logs/cloudfunctions.googleapis.com%2Fcloud-functions,,2022-04-05T23:49:20.423978921Z,,thread-2g,ubc-serverless-qos,northamerica-northeast1,cloud_function,9.64730978012085e-05,2022-04-05T23:49:10.519Z,projects/ubc-serverless-qos/traces/6f3b13dfb1119ff2b2a6d27c7fa58948,
000000-2d6965e3-fd44-4b30-8c7a-8948349cfc1b,,,,,,,,o9u84ruq87zz,projects/ubc-serverless-qos/logs/cloudfunctions.googleapis.com%2Fcloud-functions,,2022-04-05T23:49:11.342408026Z,,thread-2g,ubc-serverless-qos,northamerica-northeast1,cloud_function,9.553444385528564e-05,2022-04-05T23:49:09.504Z,projects/ubc-serverless-qos/traces/ae89df6439bfcd306f6ade1e67f17854,
000000-e494a8b7-6266-47ee-b177-524aea2e4512,,,,,,,,o9u8tryi675n,projects/ubc-serverless-qos/logs/cloudfunctions.googleapis.com%2Fcloud-functions,,2022-04-05T23:49:11.342408026Z,,thread-2g,ubc-serverless-qos,northamerica-northeast1,cloud_function,9.387969970703125e-05,2022-04-05T23:49:08.514Z,projects/ubc-serverless-qos/traces/8089571d2d927871c1d8c39c4e966ec2,
000000-cfdf0b2f-315d-45d9-aacb-23968d1c0360,,,,,,,,o9u870oic9ra,projects/ubc-serverless-qos/logs/cloudfunctions.googleapis.com%2Fcloud-functions,,2022-04-05T23:49:11.342408026Z,,thread-2g,ubc-serverless-qos,northamerica-northeast1,cloud_function,9.25743579864502e-05,2022-04-05T23:49:07.505Z,projects/ubc-serverless-qos/traces/52e3b12c6c5c273a2517f9076e7a7b52,
000000-ce8d07fe-b663-4408-9c1c-1f1fabef6dcf,,,,,,,,o9u8hk41dhvo,projects/ubc-serverless-qos/logs/cloudfunctions.googleapis.com%2Fcloud-functions,,2022-04-05T23:49:11.342408026Z,,thread-2g,ubc-serverless-qos,northamerica-northeast1,cloud_function,8.537769317626954e-05,2022-04-05T23:49:06.510Z,projects/ubc-serverless-qos/traces/e8c8ff97df2f2b1502bd356c912334d0,
000000-a28b0608-3a9d-47e6-8b41-661a00b55dd2,,,,,,,,o9u8okcplkqm,projects/ubc-serverless-qos/logs/cloudfunctions.googleapis.com%2Fcloud-functions,,2022-04-05T23:49:11.342408026Z,,thread-2g,ubc-serverless-qos,northamerica-northeast1,cloud_function,9.171652793884278e-05,2022-04-05T23:49:05.499Z,projects/ubc-serverless-qos/traces/d7681ae5a6dadbce2e862779c9649670,
000000-29594b93-ac21-48ab-ab32-c5cd2a8a32a9,,,,,,,,o9u85wctcl61,projects/ubc-serverless-qos/logs/cloudfunctions.googleapis.com%2Fcloud-functions,,2022-04-05T23:49:11.342408026Z,,thread-2g,ubc-serverless-qos,northamerica-northeast1,cloud_function,9.200239181518555e-05,2022-04-05T23:49:04.502Z,projects/ubc-serverless-qos/traces/d0a421f6318f04e0f1acdc8b524dde1d,
000000-d59b084a-5e72-4da3-89d5-a60c913349dd,,,,,,,,o9u8c1pyo0tx,projects/ubc-serverless-qos/logs/cloudfunctions.googleapis.com%2Fcloud-functions,,2022-04-05T23:49:10.432063661Z,,thread-2g,ubc-serverless-qos,northamerica-northeast1,cloud_function,8.99587869644165e-05,2022-04-05T23:49:03.507Z,projects/ubc-serverless-qos/traces/3f97dd982a5df1e3d98a34fc5b5b9a4e,
000000-9ece7b35-58dd-4383-816e-7794780e86a7,,,,,,,,o9u8kq3ap425,projects/ubc-serverless-qos/logs/cloudfunctions.googleapis.com%2Fcloud-functions,,2022-04-05T23:49:10.432063661Z,,thread-2g,ubc-serverless-qos,northamerica-northeast1,cloud_function,8.816540241241456e-05,2022-04-05T23:49:02.495Z,projects/ubc-serverless-qos/traces/48772bd3810d4430e2461595ff9a1325,
000000-d2fb86fb-2a6b-490f-bb7c-37309e8cd144,,,,,,,,o9u8195qsx7b,projects/ubc-serverless-qos/logs/cloudfunctions.googleapis.com%2Fcloud-functions,,2022-04-05T23:49:10.432063661Z,,thread-2g,ubc-serverless-qos,northamerica-northeast1,cloud_function,9.260094165802002e-05,2022-04-05T23:49:01.501Z,projects/ubc-serverless-qos/traces/a8535aa53ea8e1ada2eda4c7f36ecff7,
000000-7dd73acd-8b6a-41ff-a5b2-099c802ec408,,,,,,,,o9u8smm7w9qb,projects/ubc-serverless-qos/logs/cloudfunctions.googleapis.com%2Fcloud-functions,,2022-04-05T23:49:10.432063661Z,,thread-2g,ubc-serverless-qos,northamerica-northeast1,cloud_function,9.307730197906494e-05,2022-04-05T23:49:00.507Z,projects/ubc-serverless-qos/traces/7188f31944e07d1ab8757089f8e5dee8,
000000-52751515-d57a-4fe5-847f-732204a439ce,,,,,,,,o9u8ex088q49,projects/ubc-serverless-qos/logs/cloudfunctions.googleapis.com%2Fcloud-functions,,2022-04-05T23:49:00.107569354Z,,thread-2g,ubc-serverless-qos,northamerica-northeast1,cloud_function,8.941495418548584e-05,2022-04-05T23:48:59.498Z,projects/ubc-serverless-qos/traces/3683e706515d013ac346d309571e0639,
000000-37ec5293-0fd7-4037-ac6d-37ff371c1d43,,,,,,,,o9u8jkn49cxs,projects/ubc-serverless-qos/logs/cloudfunctions.googleapis.com%2Fcloud-functions,,2022-04-05T23:49:00.107569354Z,,thread-2g,ubc-serverless-qos,northamerica-northeast1,cloud_function,8.967304229736328e-05,2022-04-05T23:48:58.518Z,projects/ubc-serverless-qos/traces/0e1bf910bef23eb991ac65ee2af51a37,
000000-eab32e1d-4cec-4b66-8b97-3df53ffb3699,,,,,,,,o9u8cxcu88ou,projects/ubc-serverless-qos/logs/cloudfunctions.googleapis.com%2Fcloud-functions,,2022-04-05T23:49:00.107569354Z,,thread-2g,ubc-serverless-qos,northamerica-northeast1,cloud_function,9.153294563293456e-05,2022-04-05T23:48:57.503Z,projects/ubc-serverless-qos/traces/8a7518b8b00bba4ad8edf603fba15b91,
000000-1a69f98d-5638-49b6-aa22-6c6af81244ce,,,,,,,,o9u8gygz7pxe,projects/ubc-serverless-qos/logs/cloudfunctions.googleapis.com%2Fcloud-functions,,2022-04-05T23:49:00.107569354Z,,thread-2g,ubc-serverless-qos,northamerica-northeast1,cloud_function,9.507238864898681e-05,2022-04-05T23:48:56.509Z,projects/ubc-serverless-qos/traces/73d5c889307aac0d822de134d4aefcb9,
000000-d4ec2045-c40d-4341-a393-28b6afe3d13b,,,,,,,,o9u86ucwmzo5,projects/ubc-serverless-qos/logs/cloudfunctions.googleapis.com%2Fcloud-functions,,2022-04-05T23:49:00.107569354Z,,thread-2g,ubc-serverless-qos,northamerica-northeast1,cloud_function,9.788060188293457e-05,2022-04-05T23:48:55.525Z,projects/ubc-serverless-qos/traces/73c15bc5160458a860f47b187b8e5329,
000000-04d53fec-fe9d-4d39-a43c-a3b46987c8ec,,,,,,,,o9u8jw7mox93,projects/ubc-serverless-qos/logs/cloudfunctions.googleapis.com%2Fcloud-functions,,2022-04-05T23:49:00.107569354Z,,thread-2g,ubc-serverless-qos,northamerica-northeast1,cloud_function,9.688079357147217e-05,2022-04-05T23:48:54.518Z,projects/ubc-serverless-qos/traces/92d8f3d317adcca64df7fc6a1610c2ba,
000000-9ff6d806-8350-494f-8ec4-37100f1fc823,,,,,,,,o9u8rtsr4p2l,projects/ubc-serverless-qos/logs/cloudfunctions.googleapis.com%2Fcloud-functions,,2022-04-05T23:49:00.107569354Z,,thread-2g,ubc-serverless-qos,northamerica-northeast1,cloud_function,9.134554862976074e-05,2022-04-05T23:48:53.500Z,projects/ubc-serverless-qos/traces/33a6c5e11da48ea8b0cfe00c6d9cceef,
000000-d25b20a7-ac71-4f39-87d1-6de803d1ca4d,,,,,,,,o9u8wumoqrem,projects/ubc-serverless-qos/logs/cloudfunctions.googleapis.com%2Fcloud-functions,,2022-04-05T23:49:00.107569354Z,,thread-2g,ubc-serverless-qos,northamerica-northeast1,cloud_function,0.00010183334350585938,2022-04-05T23:48:52.526Z,projects/ubc-serverless-qos/traces/f0088a6acfbd8ce069bd76bf0b0e3473,
000000-140e4d02-b274-4fd4-b2a9-84f988426d64,,,,,,,,o9u87j5408op,projects/ubc-serverless-qos/logs/cloudfunctions.googleapis.com%2Fcloud-functions,,2022-04-05T23:49:00.107569354Z,,thread-2g,ubc-serverless-qos,northamerica-northeast1,cloud_function,0.00010196125507354736,2022-04-05T23:48:51.530Z,projects/ubc-serverless-qos/traces/84dfc957424e755cb125d138df22c418,
000000-f235e82e-4b9a-490c-8dce-403400ebd30d,,,,,,,,o9u8kgna9fc9,projects/ubc-serverless-qos/logs/cloudfunctions.googleapis.com%2Fcloud-functions,,2022-04-05T23:49:00.107569354Z,,thread-2g,ubc-serverless-qos,northamerica-northeast1,cloud_function,0.00010080313682556152,2022-04-05T23:48:50.521Z,projects/ubc-serverless-qos/traces/091d72d0a281facac639c9450ac969a7,
000000-33849974-947c-401c-af5c-491475bb1592,,,,,,,,o9u8wjk9i48f,projects/ubc-serverless-qos/logs/cloudfunctions.googleapis.com%2Fcloud-functions,,2022-04-05T23:49:00.107569354Z,,thread-2g,ubc-serverless-qos,northamerica-northeast1,cloud_function,0.00011819326877593994,2022-04-05T23:48:49.555Z,projects/ubc-serverless-qos/traces/150a15c61de8e9a94607c5718295f723,
000000-a5ed9cfc-28ca-4c44-88d8-723ec12e7b1b,,,,,,,,o9u8hrkaekge,projects/ubc-serverless-qos/logs/cloudfunctions.googleapis.com%2Fcloud-functions,,2022-04-05T23:48:50.092660890Z,,thread-2g,ubc-serverless-qos,northamerica-northeast1,cloud_function,0.00011710143089294433,2022-04-05T23:48:48.556Z,projects/ubc-serverless-qos/traces/d5ed712d8b8b88e1babd4e8da4b55ca3,
000000-f21c44d4-fecb-4452-b271-8d61437aee37,,,,,,,,o9u88akyaesf,projects/ubc-serverless-qos/logs/cloudfunctions.googleapis.com%2Fcloud-functions,,2022-04-05T23:48:50.092660890Z,,thread-2g,ubc-serverless-qos,northamerica-northeast1,cloud_function,9.70602035522461e-05,2022-04-05T23:48:47.515Z,projects/ubc-serverless-qos/traces/16356a380274dd1db5196f5fa29a1234,
000000-7df5e603-fc9d-4bb8-95b7-04f0b6af005a,,,,,,,,o9u8kpna8tyr,projects/ubc-serverless-qos/logs/cloudfunctions.googleapis.com%2Fcloud-functions,,2022-04-05T23:48:50.092660890Z,,thread-2g,ubc-serverless-qos,northamerica-northeast1,cloud_function,9.197092056274415e-05,2022-04-05T23:48:46.497Z,projects/ubc-serverless-qos/traces/5d30209a1a226e975afb968cc8ec4732,
000000-de6465e7-ad5c-4a23-8ddc-279b934fdd38,,,,,,,,o9u8mmzy22ff,projects/ubc-serverless-qos/logs/cloudfunctions.googleapis.com%2Fcloud-functions,,2022-04-05T23:48:50.092660890Z,,thread-2g,ubc-serverless-qos,northamerica-northeast1,cloud_function,9.647727012634277e-05,2022-04-05T23:48:45.511Z,projects/ubc-serverless-qos/traces/84cc867cff3742a8f61e0615a3b20c64,
000000-c6baa7c9-aa5b-4761-a104-0ab26320537c,,,,,,,,o9u8ju75mpci,projects/ubc-serverless-qos/logs/cloudfunctions.googleapis.com%2Fcloud-functions,,2022-04-05T23:48:50.092660890Z,,thread-2g,ubc-serverless-qos,northamerica-northeast1,cloud_function,9.499835968017578e-05,2022-04-05T23:48:44.516Z,projects/ubc-serverless-qos/traces/5e89ad300f156b078fc7c238e0c224a2,
000000-0b20a819-1754-4a80-b711-a3804ba693b5,,,,,,,,o9u85aj3xy9o,projects/ubc-serverless-qos/logs/cloudfunctions.googleapis.com%2Fcloud-functions,,2022-04-05T23:48:50.092660890Z,,thread-2g,ubc-serverless-qos,northamerica-northeast1,cloud_function,9.725868701934815e-05,2022-04-05T23:48:43.512Z,projects/ubc-serverless-qos/traces/eaaa4c22192803c108798918e650eef7,
000000-5accb874-b28a-4649-8a7c-1c224a9eb0ce,,,,,,,,o9u8nsyunuem,projects/ubc-serverless-qos/logs/cloudfunctions.googleapis.com%2Fcloud-functions,,2022-04-05T23:48:50.092660890Z,,thread-2g,ubc-serverless-qos,northamerica-northeast1,cloud_function,9.360015392303466e-05,2022-04-05T23:48:42.509Z,projects/ubc-serverless-qos/traces/19ece5c309b5ed497eae90b2a536bb22,
000000-876a9a4f-9983-4fe8-8b06-e7da25587637,,,,,,,,o9u88t9rwlv3,projects/ubc-serverless-qos/logs/cloudfunctions.googleapis.com%2Fcloud-functions,,2022-04-05T23:48:50.092660890Z,,thread-2g,ubc-serverless-qos,northamerica-northeast1,cloud_function,9.403347969055175e-05,2022-04-05T23:48:41.501Z,projects/ubc-serverless-qos/traces/0ef27a32c407589156070b0300cfbfc2,
000000-15ac7061-e3d7-42c3-8e8f-fd7cca324802,,,,,,,,o9u8o151syex,projects/ubc-serverless-qos/logs/cloudfunctions.googleapis.com%2Fcloud-functions,,2022-04-05T23:48:50.092660890Z,,thread-2g,ubc-serverless-qos,northamerica-northeast1,cloud_function,9.724485874176026e-05,2022-04-05T23:48:40.512Z,projects/ubc-serverless-qos/traces/ccbdc7e5402ae84fd35c9467260b2d58,
000000-0595678f-bb85-4c35-9a5b-d7d350608740,,,,,,,,o9u8us43b0mk,projects/ubc-serverless-qos/logs/cloudfunctions.googleapis.com%2Fcloud-functions,,2022-04-05T23:48:50.092660890Z,,thread-2g,ubc-serverless-qos,northamerica-northeast1,cloud_function,9.594857692718506e-05,2022-04-05T23:48:39.514Z,projects/ubc-serverless-qos/traces/e376dae7e41b95a17c6c3f8e2ec6c534,
000000-5efe8ada-baaa-4651-9daa-ceb9108b10fa,,,,,,,,o9u8htd7lkgt,projects/ubc-serverless-qos/logs/cloudfunctions.googleapis.com%2Fcloud-functions,,2022-04-05T23:48:39.967046302Z,,thread-2g,ubc-serverless-qos,northamerica-northeast1,cloud_function,9.405374526977539e-05,2022-04-05T23:48:38.508Z,projects/ubc-serverless-qos/traces/f71a5a987d9042e5ff7f6f50c124e907,
000000-6f988805-f51d-47ed-b34d-f740e668e025,,,,,,,,o9u8ew5h9jtw,projects/ubc-serverless-qos/logs/cloudfunctions.googleapis.com%2Fcloud-functions,,2022-04-05T23:48:39.967046302Z,,thread-2g,ubc-serverless-qos,northamerica-northeast1,cloud_function,8.971679210662842e-05,2022-04-05T23:48:37.493Z,projects/ubc-serverless-qos/traces/a2a87d3b56584cd92542a3ad19901117,
000000-01b577b7-af86-4f8b-b419-4e2d4e596f91,,,,,,,,o9u8cgzxh5dt,projects/ubc-serverless-qos/logs/cloudfunctions.googleapis.com%2Fcloud-functions,,2022-04-05T23:48:39.967046302Z,,thread-2g,ubc-serverless-qos,northamerica-northeast1,cloud_function,9.01350975036621e-05,2022-04-05T23:48:36.498Z,projects/ubc-serverless-qos/traces/4de005da243c57ca1626cc407ae5df0e,
000000-e776e192-9fda-4750-b8c5-588726c9dee4,,,,,,,,o9u8vtwclmpx,projects/ubc-serverless-qos/logs/cloudfunctions.googleapis.com%2Fcloud-functions,,2022-04-05T23:48:39.967046302Z,,thread-2g,ubc-serverless-qos,northamerica-northeast1,cloud_function,8.821403980255128e-05,2022-04-05T23:48:35.495Z,projects/ubc-serverless-qos/traces/6a0e62a4a649bf3a5156830f02ff5ac8,
000000-d72b66a6-20bc-4521-919b-8dab732cdf53,,,,,,,,o9u816s17dtf,projects/ubc-serverless-qos/logs/cloudfunctions.googleapis.com%2Fcloud-functions,,2022-04-05T23:48:39.967046302Z,,thread-2g,ubc-serverless-qos,northamerica-northeast1,cloud_function,8.487522602081299e-05,2022-04-05T23:48:34.493Z,projects/ubc-serverless-qos/traces/bed38357a2587e6d67d384d572c5dfb3,
000000-8c7a2249-4325-49ca-a63c-eae15d9b7e1a,,,,,,,,o9u8rp7fnod1,projects/ubc-serverless-qos/logs/cloudfunctions.googleapis.com%2Fcloud-functions,,2022-04-05T23:48:39.967046302Z,,thread-2g,ubc-serverless-qos,northamerica-northeast1,cloud_function,9.14832353591919e-05,2022-04-05T23:48:33.511Z,projects/ubc-serverless-qos/traces/28f0d4fc4cbef0bb84071d2489c1bc4a,
000000-df269b39-c4a4-4bf5-9687-fd88fee4b90b,,,,,,,,o9u88tccenbs,projects/ubc-serverless-qos/logs/cloudfunctions.googleapis.com%2Fcloud-functions,,2022-04-05T23:48:39.967046302Z,,thread-2g,ubc-serverless-qos,northamerica-northeast1,cloud_function,9.07050371170044e-05,2022-04-05T23:48:32.507Z,projects/ubc-serverless-qos/traces/42968d32ee73ac27c4a2b170f2b6b897,
000000-dcaca31d-73b8-4bd9-8fe1-7f092c5da55d,,,,,,,,o9u8i7jkeb1k,projects/ubc-serverless-qos/logs/cloudfunctions.googleapis.com%2Fcloud-functions,,2022-04-05T23:48:39.967046302Z,,thread-2g,ubc-serverless-qos,northamerica-northeast1,cloud_function,8.875346183776856e-05,2022-04-05T23:48:31.492Z,projects/ubc-serverless-qos/traces/1aadbe37d5731e9acd500e9b36fc6d85,
000000-e8c45f91-121a-46a9-9f45-8dd01da74026,,,,,,,,o9u8q8z9hzsr,projects/ubc-serverless-qos/logs/cloudfunctions.googleapis.com%2Fcloud-functions,,2022-04-05T23:48:39.967046302Z,,thread-2g,ubc-serverless-qos,northamerica-northeast1,cloud_function,8.778047561645508e-05,2022-04-05T23:48:30.493Z,projects/ubc-serverless-qos/traces/09c9f5631a23d9e0c90f1f2239cdab09,
000000-cfd2e87e-2863-4082-93fb-b29c33c33fde,,,,,,,,o9u865ma2ytj,projects/ubc-serverless-qos/logs/cloudfunctions.googleapis.com%2Fcloud-functions,,2022-04-05T23:48:39.967046302Z,,thread-2g,ubc-serverless-qos,northamerica-northeast1,cloud_function,9.338247776031495e-05,2022-04-05T23:48:29.502Z,projects/ubc-serverless-qos/traces/32eccb34c672c46923630cc930bc8b6f,
000000-d40601f5-efaa-4588-b1d5-92ad23d2a20f,,,,,,,,o9u84gnnhfst,projects/ubc-serverless-qos/logs/cloudfunctions.googleapis.com%2Fcloud-functions,,2022-04-05T23:48:29.594457316Z,,thread-2g,ubc-serverless-qos,northamerica-northeast1,cloud_function,8.749532699584962e-05,2022-04-05T23:48:28.495Z,projects/ubc-serverless-qos/traces/9700be25c77107273b79e66189adaf53,
000000-3a7f614e-b495-4ff4-b6ad-77d2a444cc99,,,,,,,,o9u8tbnunop1,projects/ubc-serverless-qos/logs/cloudfunctions.googleapis.com%2Fcloud-functions,,2022-04-05T23:48:29.594457316Z,,thread-2g,ubc-serverless-qos,northamerica-northeast1,cloud_function,8.887207508087159e-05,2022-04-05T23:48:27.499Z,projects/ubc-serverless-qos/traces/bdffa32eb659b28d3f554a883d9aea4d,
000000-5dd04f8b-70af-4877-ba64-165bdf1fef4d,,,,,,,,o9u83ysktknw,projects/ubc-serverless-qos/logs/cloudfunctions.googleapis.com%2Fcloud-functions,,2022-04-05T23:48:29.594457316Z,,thread-2g,ubc-serverless-qos,northamerica-northeast1,cloud_function,9.387922286987304e-05,2022-04-05T23:48:26.503Z,projects/ubc-serverless-qos/traces/dc3109b5968324b35eb5d148503e1ba5,
000000-23e6b237-aeb1-4d95-8294-86b160488406,,,,,,,,o9u8sln4ytfp,projects/ubc-serverless-qos/logs/cloudfunctions.googleapis.com%2Fcloud-functions,,2022-04-05T23:48:29.594457316Z,,thread-2g,ubc-serverless-qos,northamerica-northeast1,cloud_function,9.15764570236206e-05,2022-04-05T23:48:25.501Z,projects/ubc-serverless-qos/traces/ab532e7d1ec4a6fb2cc99984901e5863,
000000-d4115444-8246-4ef4-962a-49ef44205eaa,,,,,,,,o9u83vp96q8i,projects/ubc-serverless-qos/logs/cloudfunctions.googleapis.com%2Fcloud-functions,,2022-04-05T23:48:29.594457316Z,,thread-2g,ubc-serverless-qos,northamerica-northeast1,cloud_function,8.820903301239014e-05,2022-04-05T23:48:24.499Z,projects/ubc-serverless-qos/traces/39c908b60ac75647087984c7b91311de,
000000-fd48ddd7-d4fc-4bda-bff9-289c40757c67,,,,,,,,o9u827sy6je8,projects/ubc-serverless-qos/logs/cloudfunctions.googleapis.com%2Fcloud-functions,,2022-04-05T23:48:29.594457316Z,,thread-2g,ubc-serverless-qos,northamerica-northeast1,cloud_function,8.743965625762939e-05,2022-04-05T23:48:23.492Z,projects/ubc-serverless-qos/traces/781e7aeede60367dc951fe6bd4012b0f,
000000-5c9ff147-41c0-4e0f-861a-781f4e25548d,,,,,,,,o9u8o2xqcj45,projects/ubc-serverless-qos/logs/cloudfunctions.googleapis.com%2Fcloud-functions,,2022-04-05T23:48:29.594457316Z,,thread-2g,ubc-serverless-qos,northamerica-northeast1,cloud_function,9.193527698516845e-05,2022-04-05T23:48:22.519Z,projects/ubc-serverless-qos/traces/e54864500ec0f2604af661af7026e55d,
000000-e2bd310a-9cb4-4c92-be66-db0c41713fc7,,,,,,,,o9u8xrvmiakq,projects/ubc-serverless-qos/logs/cloudfunctions.googleapis.com%2Fcloud-functions,,2022-04-05T23:48:29.594457316Z,,thread-2g,ubc-serverless-qos,northamerica-northeast1,cloud_function,9.254717826843262e-05,2022-04-05T23:48:21.508Z,projects/ubc-serverless-qos/traces/52eb637b568040ed8041e7e44e456e88,
000000-a4ce4bdc-fb25-4a5b-a7bb-c295f8f03780,,,,,,,,o9u805hqytn0,projects/ubc-serverless-qos/logs/cloudfunctions.googleapis.com%2Fcloud-functions,,2022-04-05T23:48:29.594457316Z,,thread-2g,ubc-serverless-qos,northamerica-northeast1,cloud_function,9.352755546569825e-05,2022-04-05T23:48:20.498Z,projects/ubc-serverless-qos/traces/0f784bf83fec572eac13f454abe27c84,
000000-dc3fc4c5-e2a8-43e6-a719-773068fbcd1a,,,,,,,,o9u8y0zebv6d,projects/ubc-serverless-qos/logs/cloudfunctions.googleapis.com%2Fcloud-functions,,2022-04-05T23:48:29.594457316Z,,thread-2g,ubc-serverless-qos,northamerica-northeast1,cloud_function,9.163165092468262e-05,2022-04-05T23:48:19.499Z,projects/ubc-serverless-qos/traces/f028537a2e48fdbf95d8ea619005f38a,
000000-1fe50df8-5f4b-4c00-8fd0-280a6d7fd5c7,,,,,,,,o9u89ox3hxhn,projects/ubc-serverless-qos/logs/cloudfunctions.googleapis.com%2Fcloud-functions,,2022-04-05T23:48:19.808588969Z,,thread-2g,ubc-serverless-qos,northamerica-northeast1,cloud_function,9.37575101852417e-05,2022-04-05T23:48:18.503Z,projects/ubc-serverless-qos/traces/f4f4cbd30c42574dc2bad776c543c76f,
000000-f71d4c1e-33fe-44ea-978c-b9b217699db5,,,,,,,,o9u8iqrcxswd,projects/ubc-serverless-qos/logs/cloudfunctions.googleapis.com%2Fcloud-functions,,2022-04-05T23:48:19.808588969Z,,thread-2g,ubc-serverless-qos,northamerica-northeast1,cloud_function,9.117794036865234e-05,2022-04-05T23:48:17.498Z,projects/ubc-serverless-qos/traces/e3bebd3c883814eea1529ce5e834981b,
000000-b3643e31-1369-4bea-ab9b-101f2179827a,,,,,,,,o9u88sdiaj97,projects/ubc-serverless-qos/logs/cloudfunctions.googleapis.com%2Fcloud-functions,,2022-04-05T23:48:19.808588969Z,,thread-2g,ubc-serverless-qos,northamerica-northeast1,cloud_function,9.32544469833374e-05,2022-04-05T23:48:16.507Z,projects/ubc-serverless-qos/traces/6b66c8ca609815bd6084a6a0fb6b7e2f,
000000-6080b482-0c3b-4695-b12e-de47a6a76750,,,,,,,,o9u817009j4y,projects/ubc-serverless-qos/logs/cloudfunctions.googleapis.com%2Fcloud-functions,,2022-04-05T23:48:19.808588969Z,,thread-2g,ubc-serverless-qos,northamerica-northeast1,cloud_function,9.432756900787354e-05,2022-04-05T23:48:15.499Z,projects/ubc-serverless-qos/traces/6f3c2b33e74d0f5b4a80b94df2921a52,
000000-e148d537-a985-47de-82d5-7c0669be7574,,,,,,,,o9u841mt5hjd,projects/ubc-serverless-qos/logs/cloudfunctions.googleapis.com%2Fcloud-functions,,2022-04-05T23:48:19.808588969Z,,thread-2g,ubc-serverless-qos,northamerica-northeast1,cloud_function,9.420526027679443e-05,2022-04-05T23:48:14.502Z,projects/ubc-serverless-qos/traces/ae55073f265630f42237984f37f000a1,
000000-821e225c-53c8-42b2-ae53-3abe32c87ded,,,,,,,,o9u85fr8itjw,projects/ubc-serverless-qos/logs/cloudfunctions.googleapis.com%2Fcloud-functions,,2022-04-05T23:48:19.808588969Z,,thread-2g,ubc-serverless-qos,northamerica-northeast1,cloud_function,8.929932117462158e-05,2022-04-05T23:48:13.494Z,projects/ubc-serverless-qos/traces/b016bd820f7156e92041d4b70c8fb4ba,
000000-77ed6c15-b677-4eee-85ea-758e962dbee7,,,,,,,,o9u8ecvqzqlk,projects/ubc-serverless-qos/logs/cloudfunctions.googleapis.com%2Fcloud-functions,,2022-04-05T23:48:19.808588969Z,,thread-2g,ubc-serverless-qos,northamerica-northeast1,cloud_function,8.999300003051758e-05,2022-04-05T23:48:12.499Z,projects/ubc-serverless-qos/traces/68e820dc57880d43198ada02d623574c,
000000-53bfa402-44d0-480b-959c-686fb2ee5854,,,,,,,,o9u8dxnk1n94,projects/ubc-serverless-qos/logs/cloudfunctions.googleapis.com%2Fcloud-functions,,2022-04-05T23:48:19.808588969Z,,thread-2g,ubc-serverless-qos,northamerica-northeast1,cloud_function,9.205687046051026e-05,2022-04-05T23:48:11.510Z,projects/ubc-serverless-qos/traces/3e39ed30e64e2920f7de810c183099cd,
000000-9d1f7ca6-ca7c-4e9a-9f4a-4950366111ac,,,,,,,,o9u8y5fkhlc1,projects/ubc-serverless-qos/logs/cloudfunctions.googleapis.com%2Fcloud-functions,,2022-04-05T23:48:19.808588969Z,,thread-2g,ubc-serverless-qos,northamerica-northeast1,cloud_function,9.378361701965333e-05,2022-04-05T23:48:10.507Z,projects/ubc-serverless-qos/traces/5ebc49260320d70e437fbd9e46d2443c,
000000-19a34b03-ac3f-4833-aa91-5016f6af7f2b,,,,,,,,o9u8en2jbaxw,projects/ubc-serverless-qos/logs/cloudfunctions.googleapis.com%2Fcloud-functions,,2022-04-05T23:48:19.808588969Z,,thread-2g,ubc-serverless-qos,northamerica-northeast1,cloud_function,9.568452835083007e-05,2022-04-05T23:48:09.511Z,projects/ubc-serverless-qos/traces/55a9fb57ade06d821bb7fb55eeeafed8,
000000-0e44b1e4-0c14-4a3d-b360-411b45029b80,,,,,,,,o9u83eknqhim,projects/ubc-serverless-qos/logs/cloudfunctions.googleapis.com%2Fcloud-functions,,2022-04-05T23:48:09.333082922Z,,thread-2g,ubc-serverless-qos,northamerica-northeast1,cloud_function,9.237062931060791e-05,2022-04-05T23:48:08.502Z,projects/ubc-serverless-qos/traces/af9a2af42129b2c0ad41ed23e809eea1,
000000-898f9efd-2213-4cd1-9734-ab64f7b75c44,,,,,,,,o9u8ggjne5b6,projects/ubc-serverless-qos/logs/cloudfunctions.googleapis.com%2Fcloud-functions,,2022-04-05T23:48:09.333082922Z,,thread-2g,ubc-serverless-qos,northamerica-northeast1,cloud_function,9.444785118103027e-05,2022-04-05T23:48:07.516Z,projects/ubc-serverless-qos/traces/bcaf5a112e206c20e770715613d12ec9,
000000-e9489e5f-d81a-448f-9143-bc4b2678a8e3,,,,,,,,o9u8zu01xch2,projects/ubc-serverless-qos/logs/cloudfunctions.googleapis.com%2Fcloud-functions,,2022-04-05T23:48:09.333082922Z,,thread-2g,ubc-serverless-qos,northamerica-northeast1,cloud_function,9.376156330108643e-05,2022-04-05T23:48:06.508Z,projects/ubc-serverless-qos/traces/71673c6a3870cf46bf759747fad9a298,
000000-b13f26c2-50e7-482a-aa4c-3aa57c8e5345,,,,,,,,o9u850y4xbz3,projects/ubc-serverless-qos/logs/cloudfunctions.googleapis.com%2Fcloud-functions,,2022-04-05T23:48:09.333082922Z,,thread-2g,ubc-serverless-qos,northamerica-northeast1,cloud_function,0.0002216060161590576,2022-04-05T23:48:05.798Z,projects/ubc-serverless-qos/traces/07820b518b1a40bd2e9a30a124fac620,
000000-3a7f5da7-a2f5-4f3c-92fa-c75eca26c92c,,,,,,,,o9u8eqnjpkhf,projects/ubc-serverless-qos/logs/cloudfunctions.googleapis.com%2Fcloud-functions,,2022-04-05T23:48:09.333082922Z,,thread-2g,ubc-serverless-qos,northamerica-northeast1,cloud_function,0.00015743207931518554,2022-04-05T23:48:04.677Z,projects/ubc-serverless-qos/traces/4502a7841b55f725ed3d913aba38fb6a,
000000-56751449-5b84-490a-8520-940b6d05f695,,,,,,,,o9u8541doe3g,projects/ubc-serverless-qos/logs/cloudfunctions.googleapis.com%2Fcloud-functions,,2022-04-05T23:48:09.333082922Z,,thread-2g,ubc-serverless-qos,northamerica-northeast1,cloud_function,9.873533248901367e-05,2022-04-05T23:48:03.541Z,projects/ubc-serverless-qos/traces/869d62d3bf7577f63359130843f29733,
000000-eeb88ce7-b881-465a-8e62-805d8920bcb1,,,,,,,,o9u8f0fhy966,projects/ubc-serverless-qos/logs/cloudfunctions.googleapis.com%2Fcloud-functions,,2022-04-05T23:48:09.333082922Z,,thread-2g,ubc-serverless-qos,northamerica-northeast1,cloud_function,0.00010149073600769043,2022-04-05T23:48:02.564Z,projects/ubc-serverless-qos/traces/0c6b3808973e4e889c9f87088dde638b,
000000-13e3560b-6bd8-4eb8-b3fd-2d647a360fd5,,,,,,,,o9u8zj7nxk3w,projects/ubc-serverless-qos/logs/cloudfunctions.googleapis.com%2Fcloud-functions,,2022-04-05T23:48:09.333082922Z,,thread-2g,ubc-serverless-qos,northamerica-northeast1,cloud_function,9.463965892791748e-05,2022-04-05T23:48:01.506Z,projects/ubc-serverless-qos/traces/b3cf4e347642a760d5d98247cdb2e009,
000000-cee1203d-ccce-438e-8a0e-12034b49277b,,,,,,,,o9u89w87gwb2,projects/ubc-serverless-qos/logs/cloudfunctions.googleapis.com%2Fcloud-functions,,2022-04-05T23:48:09.333082922Z,,thread-2g,ubc-serverless-qos,northamerica-northeast1,cloud_function,9.787249565124512e-05,2022-04-05T23:48:00.178Z,projects/ubc-serverless-qos/traces/7f6a762e29fefadea7f48d48d57dc14e,
000000-d8a90e65-c43f-46e7-bfa5-d80d015d57bc,,,,,,,,o9u8ctxebd7n,projects/ubc-serverless-qos/logs/cloudfunctions.googleapis.com%2Fcloud-functions,,2022-04-05T23:48:09.333082922Z,,thread-2g,ubc-serverless-qos,northamerica-northeast1,cloud_function,8.537960052490234e-05,2022-04-05T23:47:59.150Z,projects/ubc-serverless-qos/traces/9a5a46f948579f9a53628db3d53ab975,
000000-9a730f02-4571-4db1-ba7a-8a5fbd275bb7,,,,,,,,o9u8rasgrg2h,projects/ubc-serverless-qos/logs/cloudfunctions.googleapis.com%2Fcloud-functions,,2022-04-05T23:47:59.966298534Z,,thread-2g,ubc-serverless-qos,northamerica-northeast1,cloud_function,9.847486019134522e-05,2022-04-05T23:47:58.186Z,projects/ubc-serverless-qos/traces/ae6aa8758a849d62518baf7aa9fe881f,
000000-bc294e9a-07c9-4da7-bf78-be1400ff632f,,,,,,,,o9u8xadd57qo,projects/ubc-serverless-qos/logs/cloudfunctions.googleapis.com%2Fcloud-functions,,2022-04-05T23:47:59.966298534Z,,thread-2g,ubc-serverless-qos,northamerica-northeast1,cloud_function,8.841133117675782e-05,2022-04-05T23:47:57.160Z,projects/ubc-serverless-qos/traces/499eb7a1229d16226bfa7e1b5ad853b5,
000000-81b5ac20-702a-4dc0-9f8a-7e4c8c3aa41a,,,,,,,,o9u8onj16p54,projects/ubc-serverless-qos/logs/cloudfunctions.googleapis.com%2Fcloud-functions,,2022-04-05T23:47:59.966298534Z,,thread-2g,ubc-serverless-qos,northamerica-northeast1,cloud_function,0.00010201191902160645,2022-04-05T23:47:56.197Z,projects/ubc-serverless-qos/traces/7e0cfe9c45688334c8f10125197f5b26,
000000-a500d2b6-a2b2-4f5b-af5e-dd0b35d48dde,,,,,,,,o9u8l0gjnj5c,projects/ubc-serverless-qos/logs/cloudfunctions.googleapis.com%2Fcloud-functions,,2022-04-05T23:47:59.966298534Z,,thread-2g,ubc-serverless-qos,northamerica-northeast1,cloud_function,9.387493133544922e-05,2022-04-05T23:47:55.192Z,projects/ubc-serverless-qos/traces/c2ac3c37182856e0dec5c67b85663df6,
000000-a8140a2e-3059-44a9-87f6-b64f696866e4,,,,,,,,o9u8o48tbulj,projects/ubc-serverless-qos/logs/cloudfunctions.googleapis.com%2Fcloud-functions,,2022-04-05T23:47:59.966298534Z,,thread-2g,ubc-serverless-qos,northamerica-northeast1,cloud_function,9.86640453338623e-05,2022-04-05T23:47:54.188Z,projects/ubc-serverless-qos/traces/aef7206fee4efa0466dd2b6a15bd1c1e,
000000-e75bd25a-ea23-42f2-8bf1-128cf3960294,,,,,,,,o9u8wksoh1ma,projects/ubc-serverless-qos/logs/cloudfunctions.googleapis.com%2Fcloud-functions,,2022-04-05T23:47:59.966298534Z,,thread-2g,ubc-serverless-qos,northamerica-northeast1,cloud_function,9.907257556915283e-05,2022-04-05T23:47:53.182Z,projects/ubc-serverless-qos/traces/4bbc944e78434dec851f7371f862129f,
000000-ad66da6d-243c-4780-a01d-c0f75dd62247,,,,,,,,o9u84d7eby9x,projects/ubc-serverless-qos/logs/cloudfunctions.googleapis.com%2Fcloud-functions,,2022-04-05T23:47:59.966298534Z,,thread-2g,ubc-serverless-qos,northamerica-northeast1,cloud_function,9.707272052764892e-05,2022-04-05T23:47:52.195Z,projects/ubc-serverless-qos/traces/8050dc17e52c9054f2652a7158d31a07,
000000-be76e7e0-9ddb-44d1-b592-dc34554200d7,,,,,,,,o9u8orbr977f,projects/ubc-serverless-qos/logs/cloudfunctions.googleapis.com%2Fcloud-functions,,2022-04-05T23:47:59.966298534Z,,thread-2g,ubc-serverless-qos,northamerica-northeast1,cloud_function,9.781980514526367e-05,2022-04-05T23:47:51.186Z,projects/ubc-serverless-qos/traces/718aae65c4edf08d555f1133382a316c,
000000-7d8bdacf-9ab2-4869-9c48-300ed739b738,,,,,,,,o9u8bia16svy,projects/ubc-serverless-qos/logs/cloudfunctions.googleapis.com%2Fcloud-functions,,2022-04-05T23:47:59.966298534Z,,thread-2g,ubc-serverless-qos,northamerica-northeast1,cloud_function,0.00010076069831848144,2022-04-05T23:47:50.192Z,projects/ubc-serverless-qos/traces/f37d61ee71a37ab8f9fd8fe0721487af,
000000-7af57288-d664-4d19-bb6b-c25fd24508fc,,,,,,,,o9u80mptsdyd,projects/ubc-serverless-qos/logs/cloudfunctions.googleapis.com%2Fcloud-functions,,2022-04-05T23:47:59.966298534Z,,thread-2g,ubc-serverless-qos,northamerica-northeast1,cloud_function,9.026014804840088e-05,2022-04-05T23:47:49.226Z,projects/ubc-serverless-qos/traces/020f2abe102b56dfe2af516ffbbf206a,
000000-9da26bf0-3b18-45e9-8e50-12c43a50f7c7,,,,,,,,nt5iuwdhfpbv,projects/ubc-serverless-qos/logs/cloudfunctions.googleapis.com%2Fcloud-functions,,2022-04-05T23:47:55.238542358Z,,thread-2g,ubc-serverless-qos,northamerica-northeast1,cloud_function,9.677255153656006e-05,2022-04-05T23:47:48.187Z,projects/ubc-serverless-qos/traces/e01ff0a4c0cd09b4ff2f50676c1fed45,
000000-88337302-4efc-4fae-a79f-27bada742f4d,,,,,,,,nt5ih8p7qo41,projects/ubc-serverless-qos/logs/cloudfunctions.googleapis.com%2Fcloud-functions,,2022-04-05T23:47:55.238542358Z,,thread-2g,ubc-serverless-qos,northamerica-northeast1,cloud_function,0.00010244286060333251,2022-04-05T23:47:47.206Z,projects/ubc-serverless-qos/traces/20c1950bef0757382ab56332ad6798bd,
000000-0d95bb33-fd17-4851-a93f-481d66aede1c,,,,,,,,y7yh1560fiq0,projects/ubc-serverless-qos/logs/cloudfunctions.googleapis.com%2Fcloud-functions,,2022-04-05T23:47:56.591669960Z,,thread-2g,ubc-serverless-qos,northamerica-northeast1,cloud_function,9.636175632476807e-05,2022-04-05T23:47:47.121Z,projects/ubc-serverless-qos/traces/445802b12aaaf3ebf5217c3ec1af891e,
000000-31d0bac1-e35c-4079-ae91-6c7d4cf96d75,,,,,,,,nt5iaecdchpt,projects/ubc-serverless-qos/logs/cloudfunctions.googleapis.com%2Fcloud-functions,,2022-04-05T23:47:55.238542358Z,,thread-2g,ubc-serverless-qos,northamerica-northeast1,cloud_function,0.00011708509922027588,2022-04-05T23:47:46.453Z,projects/ubc-serverless-qos/traces/d36a61f5ffc8f73df5c2b19de0bf5b55,
000000-f8d429eb-5688-408e-b390-3acd4bd56c29,,,,,,,,nt5igmc7kofj,projects/ubc-serverless-qos/logs/cloudfunctions.googleapis.com%2Fcloud-functions,,2022-04-05T23:47:55.238542358Z,,thread-2g,ubc-serverless-qos,northamerica-northeast1,cloud_function,9.767770767211914e-05,2022-04-05T23:47:45.489Z,projects/ubc-serverless-qos/traces/3fe9aabb0e2ceca4eabe84d4050e0770,
000000-60947420-01da-4751-88d1-397be8482754,,,,,,,,nt5ijeojj84t,projects/ubc-serverless-qos/logs/cloudfunctions.googleapis.com%2Fcloud-functions,,2022-04-05T23:47:55.238542358Z,,thread-2g,ubc-serverless-qos,northamerica-northeast1,cloud_function,8.25200080871582e-05,2022-04-05T23:47:44.443Z,projects/ubc-serverless-qos/traces/d51004acec382e1fdf6cc76e2d7f14ca,